environment_id,query_id,x_00,x_01,x_02,x_03,x_04,x_05,x_06,x_07,x_08,x_09,x_10,x_11,x_12,x_13,x_14,x_15,x_16,x_17,x_18,x_19,intervention_action,reference_action,target_construct
EXT0,0,-0.15549534713322252,0.12524021060148197,0.1029115591984075,-0.0467420766979646,-0.07520144831982455,-0.09751749999785359,0.21932089739150132,0.022812902999450022,0.019404371304035994,0.016232437505338027,-0.26448053897370644,-0.17780059104749302,0.10583771469416933,0.021129752384383832,-0.17536517005823515,0.2979944068333968,-0.03995585239636912,0.0035233792854865434,0.17334785690174448,0.02787206434770534,1,7,4
EXT0,1,-0.1789653696614821,0.22193556313327178,-0.16297491111504217,-0.08165862096130132,0.08393263680289667,0.1662111727290646,0.0840491807653447,0.052261358462415315,-0.21675795312411814,-0.020367341492378375,0.0005889295935960936,-0.23780765033770832,0.6270094244385906,-0.08613148016786268,-0.14185955375334286,0.12631232063560566,-0.0009475316744718753,-0.031479030091927686,-0.061951473442843505,0.16585814042185856,4,6,7
EXT0,2,0.18599827579614164,0.22186374428430541,0.03849558443511031,-0.20374332601582182,-0.16925867988714016,-0.0516247189798244,0.18013991999910878,0.03636094280024302,0.0030686839295865865,0.18448536770597745,-0.19597847396354107,-0.1589034058589613,0.3235505052902999,-0.21288298880296824,-0.047033283388405206,0.09233287351204232,0.017074176744690986,0.0001677960081593171,-0.0978678332416965,0.06465083282793627,6,7,16
EXT0,3,0.14182023723308737,-0.07054746053523968,0.27063980583948777,-0.11057272647135405,0.12805717225720636,-0.10350278656513459,0.04930433476209191,0.15829259830841297,-0.04467231302397318,-0.0588280736727624,-0.16979087916075947,-0.2257047325206944,0.05787570394441863,-0.04017635501510783,0.07226314714255487,0.012368245069068164,-0.016261584622476368,0.21474992864031217,0.1332968383388732,0.19311239313588824,2,0,15
EXT0,4,0.29137772676526014,-0.15411792371485836,0.04615874695191645,0.019418036156391663,-0.15040127396275157,-0.16108337426491648,0.04707092089162323,-0.08892522077776031,0.20745391532424912,0.005933641601119595,0.22514132197956785,0.004745437665004431,-0.24297125230333616,0.2023804289193772,-0.07709119907889352,-0.08297802871234244,0.027438115269952924,0.06187243794206859,0.305284963637612,-0.014488578852137593,4,7,14
EXT0,5,0.21076820498587084,0.38616149028968283,0.007267579959603518,-0.11871563578218607,-0.16845903782476945,0.20324944376743276,-0.10834464276816691,-0.02388795980348011,0.013495282491126966,0.32734788037520324,-0.14951120757283787,-0.03413646748068851,-0.10073985679063474,0.02231284227610439,-0.08057063078986657,-0.018067775161907853,-0.06028002190199732,0.1019263250799397,-0.02924235613437726,-0.2995561426355625,6,1,2
EXT0,6,0.20638300894728528,-0.05814237048544713,-0.08206800914390139,0.007677430208621581,0.1423899880721811,0.036371150444158944,0.08547665009402157,0.01131307222198748,0.09787127140834499,-0.004079758618019407,0.15106390489291502,0.05022420113491154,0.06814293905843911,0.3291338527050745,-0.07038464825572353,-0.07627840036304236,-0.028026097577943093,-0.10464171830474095,-0.10246923197920568,0.38217575257328906,7,2,15
EXT0,7,-0.05623267181454855,0.13369229717999992,0.002305756859363412,0.12970698454556256,0.06444749870472782,-0.02335913711371243,-0.15489004809236312,-0.1486456991744788,0.4006568872182443,-0.02406651044848179,0.25466732799377584,0.03589621134372733,0.5663913251830264,-0.0052115385794601335,-0.05772230809590198,0.10079425840106403,-0.09683314943328668,0.16330064255287505,0.12316757005775823,0.07650677411784307,1,2,13
EXT0,8,0.25948978377299586,-0.10421154373842957,0.1576254316956052,-0.06999846845654531,0.12863208425343903,-0.06408025813077989,0.0907720459758212,0.1392281202128269,0.1679547207956814,-0.06007785708153081,0.004026704953598586,-0.03946764339427936,0.15579494226138935,-0.10652458607999965,-0.15729104971704408,-0.12648209071445007,0.05939772334106599,0.09671721627657646,-0.06635015497785908,0.08912326929462407,4,5,17
EXT0,9,0.03554518613240169,-0.013108442091297723,0.16663359552397208,0.03336621250235011,0.021642935986309775,0.06185678476568055,-0.03401339938625064,-0.07934467112705128,-0.17874398392114296,-0.08999955611313454,-0.1539691524431163,-0.22103344706006162,0.31912801940881474,-0.08496738304965626,-0.17216402113031454,0.15816693578469293,0.23895514704867193,0.3452066075417626,0.14605888523663935,0.18015544024337443,5,3,14
EXT0,10,-0.15509533002792267,-0.03863994935301464,-0.14290533518087659,-0.3165788598799087,-0.04791016953626376,0.24659450884601328,0.23299117095644623,-0.022955901567247455,-0.16260186233318408,0.011397634234173355,-0.1805424739898247,-0.025337795573487486,0.5687526657710638,0.3710161244347219,0.03435213998178775,-0.051120173612152965,0.03881972573035906,0.09197177768415715,0.2954489178898334,-0.051383223557576206,0,4,17
EXT0,11,-0.047192620413677916,0.41747909976111924,0.17235818119854454,0.14294058593592016,0.0021142564943698048,-0.05944416809370385,-0.03744864683158402,0.016275452348350213,-0.39790993654808093,0.25749261748017127,-0.24075187527332817,-0.15839893659488136,0.04565855221778234,0.09475180908017791,-0.07219790741071204,-0.02225194022915591,0.0492674423843727,-0.02600185049495371,-0.1793456536819274,0.23321438036750042,7,6,10
EXT0,12,0.08517573375926997,0.037104842730669045,0.11519397933790881,0.053510065014874444,0.1797548001118732,-0.10420116246037864,0.13579142396067295,0.04192924899190097,-0.00905842060038087,-0.025277115511437666,-0.016297206969112975,0.08894076596991249,0.44323525999968894,-0.03658174013914583,-0.16690631673363024,0.07336821256201172,-0.16173095767257792,0.14284126932725302,0.2424462966231806,0.07260046124642336,3,6,12
EXT0,13,0.23442296880531435,-0.05370150543871333,0.3045253567284859,0.06201131178278939,-0.07936469545064774,0.008350149520157276,0.10790003991698169,-0.005503726339134072,0.0938498465536599,-0.051514506497272856,0.10311053706493285,0.0909949256150131,0.01887541645201849,0.1041334217689635,0.15468118155630994,0.019267139098381167,-0.1764539288156645,0.5252632412574779,-0.01410339520510734,-0.020344724162872942,4,6,16
EXT0,14,0.020130856977846372,0.13041453915565177,-0.014036552299927169,0.054164192787284196,-0.17827558762217466,0.013647117541284082,0.14134287750766333,0.10273667081889738,-0.22676029122615718,0.20438139445384376,-0.1047940965979806,0.059359885770055076,0.5588014125760247,0.06184572951569529,-0.14283462270566055,0.25170663332460713,-0.1833301906491722,0.04181000359332868,0.05356997911141857,-0.24196328732912178,0,5,2
EXT0,15,0.20397427535368923,0.1278926381364476,0.16144655698063437,0.14431397723297706,0.09553924441877112,-0.07575122851803336,-0.020095876535444295,-0.004169280183782222,-0.29599692874548533,0.040803914300086,-0.19669816965014997,0.05171491897156676,0.10343140035026406,0.06070297756845068,0.24956536503220011,-0.02490046914926663,-0.2311091319217387,-0.038466211750325205,0.08301732365603665,0.15515053676737264,0,1,14
EXT0,16,-0.0230153694510669,0.5308219715507343,0.027608013216942874,-0.07352916932657477,0.12995205213114494,-0.1499919410806385,0.10193368505169849,0.016838610507225616,-0.08792433488810449,0.0498287688965381,-0.034107672120336066,0.12845402783243798,0.23902628522189112,0.08614887901185084,0.2040081834143254,-0.0027666967287874648,0.18634967148954748,-0.24980263132449448,-0.11404633721117022,0.14095518772030632,5,1,17
EXT0,17,0.18148249078401923,-0.008335770924728737,-0.07252147933914894,0.07560682024723335,0.07312904253552295,-0.0671905348150413,-0.20926225603555182,-0.10046840708774822,-0.14486305359985183,-0.16170684480414912,-0.18040150036368707,-0.08051871156586622,0.4116175983896194,-0.09034886756760824,-0.14953717301308941,-0.2854380105340549,0.0436963376166189,-0.026473712935801707,0.02085658956526904,0.3216001288633566,5,0,0
EXT0,18,0.15179329718801718,0.10784762145364163,0.07721307649651178,0.16168290958399814,-0.0012890725935562222,0.0563685764766374,0.09399165422146893,-0.07674686052814217,-0.0968501451316437,-0.20849927660737072,-0.12822026992672148,-0.03433599406758866,0.15927140882099244,0.289530342970497,0.018146554196151448,0.060942239614682155,0.314062363802367,0.042026330963078985,-0.05756797931513643,0.39850276693507664,2,4,15
EXT0,19,0.14946960213448218,0.021632855070923006,-0.04071897578320389,0.035641857338170053,-0.07272869039460422,-0.16064896910586338,0.03598632423373555,-0.19812044342814308,-0.07554190698042168,0.21783376114315703,-0.09831497413324747,-0.17146436194684797,0.2959996386177704,0.06467878851600688,-0.08143005733928046,0.09234036387492665,0.10196240258254162,-0.1907665035495508,0.08629728189705771,-0.044171701703584934,5,3,9
EXT0,20,0.22871395377082623,0.05875658154834707,0.20041256082754424,-0.038136249459140036,0.020371730527002835,-0.010578054348485365,-0.05706677572617332,-0.056886887489387895,0.23468278447963278,-0.05674098793721004,-0.03584759372089426,0.036902445207306504,-0.30885838932112886,0.020725651029969344,-0.050895074527021245,-0.010855963806630882,0.3098153953010951,0.2233255352318813,-0.029517884345611197,-0.06855291655395618,3,2,5
EXT0,21,0.03651505402936109,0.16272596121165264,0.049311093942660346,0.010548308567186263,0.053926857663299924,-0.06120835255724212,0.029502958027621998,0.06353707211613362,-0.05642472426773438,-0.04508176972688532,-0.11731264681558584,-0.025588244848585313,0.31632172588739105,-0.09723290059442852,0.04864909885295737,0.09174699274584454,0.20925103623287275,0.015589375726039467,-0.022860739362122882,0.26402811158560996,1,2,13
EXT0,22,0.24112949011689128,-0.03077688534778109,0.014251818206603399,0.036616767822759244,-0.01742641453187306,0.005468762757116049,0.0026532674832796554,0.07488881545232767,0.06366505302779389,0.08872548579898235,0.024943269150803273,0.08999049248469229,0.0775153055065446,0.0893812044230694,0.025909351056929094,0.016481085056928885,-0.0818852074485719,0.08416634673395851,0.275686133336752,-0.01709748740898152,0,2,6
EXT0,23,0.15726147540360727,-0.0258163501992135,0.2580123078005256,0.014878799754537202,0.02770521384984457,-0.006555107302464221,0.26072409762779913,0.04426771047919016,-0.10648544077499318,-0.13192055144500675,0.010862406382709905,0.044394548936890155,-0.13705991584113555,-0.0009684859665427434,-0.012937043628802944,-0.12331699376390265,0.05923631389321153,-0.23652957347748335,-0.4381590325814198,0.48110192294486415,1,6,18
EXT0,24,0.3769546825845266,0.1643657172770904,-0.10387336740823574,0.06360441736624907,-0.010396578040714356,-0.05842110222181354,-0.07174437558944641,-0.21735170961852254,-0.05701940982662983,-0.08991571258733265,-0.15897900627564238,-0.16567774510830452,-0.20776900596974132,0.07726678864465733,-0.20747472778140533,0.22474011411109385,-0.032592784016442264,0.12825815176787347,-0.09705563517149476,-0.11165547625500369,7,0,9
EXT0,25,-0.024113894277405935,0.05605308872863805,0.035202585278883126,-0.010516046492499374,-0.07145031774869719,0.11551808916630622,0.07263301195405554,0.039240632925809885,0.3248604093775644,0.015523002692756695,0.007905557206871045,-0.13225924168237474,0.6467084283859463,-0.0018227240393257967,0.0897953972062952,0.07837409751629947,-0.13893242429996824,-0.020062100487448546,0.16942792346708718,0.1117757624115415,7,0,16
EXT0,26,0.32716249519958857,0.13280063078050244,0.044686463409677954,0.02451329517596856,0.05908666834647562,0.0029514604139716113,0.054397395643221734,-0.14247246902803984,-0.07194877246750309,0.2836206761382478,-0.025449489403336478,-0.09674237217602928,0.13193363215985776,0.055478096268248185,-0.19457200536928368,-0.029548137506656868,0.2425628148352046,-0.07221074870713767,-0.0038900350495764667,0.3030976360415095,7,4,13
EXT0,27,0.016084344718172827,0.16690181292375694,0.11441515886111321,0.010774574932705375,-0.08838705547593469,0.008639124967323423,-0.0341659012831773,-0.04186313860311857,0.08911377298251974,0.17760891022345704,-0.28887977609984844,0.16219824138543276,0.5406390107892303,0.13207730854618852,-0.00697377012936586,0.05600892349517756,-0.040591785576270564,0.268907688767018,0.4325770809329823,-0.0038995877433016255,0,4,6
EXT0,28,0.172538116524998,-0.050902695494348345,0.011791087703749453,0.16893775253298968,0.23285156154735728,-0.0057053953666766,0.010305598809322363,0.01705032969639043,-0.1152951862138621,-0.2730370881058934,0.09893157407494912,-0.12273603701178104,0.10955366439465906,0.18352380407723637,-0.18650969383286997,-0.017120703847193566,-0.01314126593421925,-0.06618426930885511,0.12867993466885214,0.457466002988615,3,1,10
EXT0,29,0.20010510741839158,-0.06864600698309989,0.1869871219675795,-0.06446922455437458,0.005653739876606295,-0.14552457628870297,-0.27668437777303995,-0.021828659038770612,0.1314704050721468,0.15299188967255842,0.16970254091434217,0.06082699763918084,-0.2287048578256318,-0.13480352965120831,0.14785745360288988,0.16599554483395718,-0.05017001919659135,-0.14239674860087367,0.14937383873477877,-0.17844452704298136,3,1,6
EXT0,30,0.44067203382494435,0.01741704211319598,0.140960550493285,0.13099400439489495,0.12579717915604594,-0.14263860906582831,-0.11828318555817886,0.1002836876354891,0.12388401294777866,-0.040060970124909064,0.13269638926479096,0.08868701322010429,0.18518222661205558,0.021480621124152593,-0.12376269857206956,-0.038443746950723376,0.08718151565800318,0.05748907180644297,-0.11583901144879392,-0.07841520936277739,5,3,18
EXT0,31,0.1405643139499568,0.46597544160786425,-0.027268748152670035,0.2438365467320736,0.02867130247980275,-0.14003981739675514,-0.0461803988287474,-0.15668516076886474,-0.06792178118379895,-0.15925170175285253,0.14720101867444088,0.08957942503447287,0.06844071793325565,0.1693437942637434,-0.09132213894010092,-0.12523615724402504,0.008898655121736146,0.12311374235322425,0.12742074488247646,0.2282662210409892,3,4,16
EXT0,32,0.24772876591618387,-0.043522968365885296,0.23961181402298612,-0.08924904782244708,0.14550285417785133,0.061607745611635005,-0.18959257694401152,-0.06658446252069475,0.06926041947588378,-0.008644450743369855,-0.32745075433276843,0.12808577191345133,0.04164873578902724,0.12523651836376076,0.13967083041521305,-0.1516085378985641,0.06053187571554469,0.16841320865363105,-0.10899970726778774,0.239016863546522,0,3,13
EXT0,33,0.09576482583741629,-0.031040632717280227,0.37258785936024436,-0.0015562315665644093,0.03129206136099867,-0.0828949019117296,-0.0074462351756078085,-0.02318146595573093,0.29680815194812366,-0.18473782103809366,0.2125001969387331,-0.10267436542470604,-0.027179523004561695,0.02860941636966667,-0.1502293496912805,-0.03610219828166113,0.15392337853349866,0.009187525622465876,0.24808239841755975,0.052460566505181085,2,1,1
EXT0,34,0.3323196766778809,-0.13952564271481202,-0.14283002493696895,-0.11228466473377492,-0.02504012543949375,0.05595374264135956,0.07849216557018747,0.14676542296127662,0.04900889748495437,-0.2324830961831997,0.07622150911299733,-0.17665944005791553,0.3303617486313163,-0.06349655188922418,0.024004059573304752,-0.004549197943110173,0.06364844759820332,0.06919185873037169,0.00888419302212276,0.298902289208068,2,4,8
EXT0,35,-0.09975466569081698,0.030457843242268322,-0.23248027303803623,0.12306331624068623,-0.08432329345019347,0.15914539868796368,0.07627945268096073,0.008013460191586616,-0.056493629789351095,-0.0739580816072375,-0.021648595224358313,-0.05557857270266543,0.038311618703949675,0.24362053730871766,0.048051225786622236,-0.05933167086517403,0.09579577425289428,-0.09340215941322512,-0.05544002193964769,0.4244295628226553,7,0,15
EXT0,36,-0.03237130109181558,-0.13375673116480985,0.25859649825494396,0.07844996745191345,-0.11566232322762605,0.04166549229977714,0.07969552387979105,0.008355290564354221,-0.19173671808098705,0.0015401766029284258,0.06777476474503077,-0.21358980043166778,0.2860577970516773,0.20466883064490773,-0.1703318318180646,-0.11121103137974961,0.18331390507682838,0.08185653136028058,0.3451978642655671,0.5625542601906431,4,1,0
EXT0,37,0.16372029041648498,0.0249947811054722,0.12655683722613045,0.0987920857061459,-0.007344096850339573,0.1350582915103264,-0.17386744160964998,0.01251069501983981,0.06509549523773936,0.15195405748465368,-0.09825679160100112,-0.14014317211083593,0.5889206386477519,-0.2887178961007332,-0.1360918766012399,0.15754085831125395,0.15925372499658702,0.3884232453776592,0.05608747224803213,-0.32377082612098346,3,2,13
EXT0,38,0.4134866945146812,-0.008982190751373879,0.12601563459540155,0.004052827978229273,-0.054223038550577134,0.26128975456078224,0.043925863186273645,0.004210262124701133,-0.0007917373609201394,0.06647004700280228,-0.04174145019840485,-0.017065029774001376,0.16285769927811655,0.10531319293360161,0.04743763318774002,-0.23638917897684666,0.021125561066980526,0.026146956319479962,0.1056805275228437,0.31157324953942556,4,5,2
EXT0,39,0.5510736342734964,0.12541959008904136,-0.11794100947366559,0.065950107569557,-0.057506807823986816,-0.09686872010534052,-0.08373163056460452,-0.08397443392337225,-0.0836072499641302,0.2796818846340035,-0.10551565928324053,0.10259524297697623,0.029507927622842097,-0.09221164378876043,0.03245147222249956,0.11478130864812805,0.2083041843128743,-0.4037918332296294,-0.08011655465225337,0.035106917448150095,3,4,16
EXT1,0,0.17075104996114443,-0.07760549662062877,0.07090036216054964,-0.006498709824704847,0.16702631315627656,0.27477726605173464,-0.301588960463053,-0.019830169455511665,-0.04358963942887542,0.09148531728405356,0.0412937454189487,0.2615253611012443,0.03348235500592548,0.32117040812395803,-0.08770820987114175,0.2461141458850733,0.06748179793168238,-0.14982601075867824,-0.18623166396190835,0.19847902855235178,2,7,11
EXT1,1,-0.03636236354765128,-0.2041974028227412,0.14374865110301657,0.6148051060210186,-0.2290067210610378,0.2724018845327322,0.13173557701070182,-0.0013648297113235735,0.12668955113513253,0.10502830382584932,-0.05396607988583017,0.06831694765603141,0.18501935701071762,0.2842723524072015,0.14093324650601485,0.048094956388350006,-0.030876762349779662,-0.07030857241176586,-0.04691280712055969,-0.0626933904123756,1,0,16
EXT1,2,-0.15344031508561273,0.3065520120405148,0.0935929126847719,0.20365378438313253,-0.26105546896858034,-0.04974394419169441,0.18288888250425145,0.08196408055740849,0.019400734228169916,-0.03633238388187563,0.06036736143486423,-0.2899963293323313,-0.12202277486070862,0.018770537826701683,-0.3940844549931809,-0.07593944007159864,-0.34065073414386876,0.6071716500520238,0.6272827647719792,-0.024709725154925633,3,4,10
EXT1,3,0.03730918726193055,-0.09922772378720554,0.03426410713133163,0.6398293938006786,0.12596217935989015,-0.11376578892572818,-0.25500617756673805,-0.06994589119227264,-0.26257891736894345,-0.11777537232806876,-0.021218880734708973,0.2674789956472103,0.3345357644448245,0.0353279842007094,-0.3383068797573843,0.402727545432042,0.09149813279449444,0.3891753175723924,0.04978053192428071,-0.0001182427468743812,1,5,5
EXT1,4,0.23978561522003997,-0.05319811168154158,-0.135385257352378,-0.00566084378559687,0.008826190836981674,0.11866787795355811,-0.034343691794551635,0.5551272406930696,0.27449121387468234,0.06385856227522649,0.013126092086751749,0.3550159437430029,0.09923620643459244,0.2800780667808993,0.02856201931446706,0.02274709216116573,-0.03706850249023455,0.24549552749009904,0.3719793385655272,0.2977493022504891,0,2,1
EXT1,5,0.17706038970713775,-0.23422854387288564,-0.1379093136462866,0.05735738975453208,0.10667861689413932,-0.15292842522087374,-0.17574474909643942,0.08885780339053694,-0.009536010489497513,0.010236101566692413,0.2775408206319302,0.4782429658912845,-0.21490566930864397,-0.1296602859404269,0.2486055611301382,0.1230410188978216,-0.07905573035678881,-0.04017803814921186,-0.059335900965914436,-0.4996042692750349,2,0,10
EXT1,6,0.24754257403995109,0.16380208622931558,-0.31488583993299785,0.2547340745153028,-0.04107373764036417,-0.02463678883211373,-0.324143519373414,-0.009989530492844553,0.05747551195585223,-0.11625859699532595,-0.05751019947670953,-0.008249735462657675,0.08868120118455383,0.6110372011568607,-0.26845053494218135,0.2638212756702551,-0.26498905778621223,-0.07362029545483269,-0.29064846671732614,0.49474750682011076,3,0,4
EXT1,7,0.0314016858693751,0.19976553830928892,0.03658444406773408,-0.040494889712617554,0.16988865190466104,0.2643555784623676,-0.15380542084190252,-0.2644746478538384,-0.33956186079711187,-0.0002891113048567983,0.03564657708752949,0.47589421983329633,-0.12549062702294383,0.0889041592103312,0.28354911915426434,-0.10937065735224215,0.3064693646963353,-0.28484104520062603,0.3367445448905426,-0.17738814506444525,6,7,9
EXT1,8,0.021811000007142235,0.10295897270232329,-0.18732184117327186,0.042210516393872584,0.2551840641201744,-0.1343684521726357,0.1540908810510268,0.22178200646034324,-0.16579149284253522,-0.1354807659060905,-0.09220302279688875,-0.09323641198409631,0.0632011285685897,0.1550334364091317,0.3958616026847603,-0.03656637186238657,-0.2686172030389386,0.03868775238980594,-0.008932338377314854,-0.02066458194611913,2,0,5
EXT1,9,0.4276845026927631,-0.093812460599187,0.048208178454339785,0.03183113134769155,0.24851141596435472,0.25137361250544227,-0.1171917382739419,0.07386899343518344,-0.08789011405571774,-0.10681943171955623,0.029780850781352206,0.28606172019712994,0.13930396748446436,-0.24190594278826083,0.05531778693030608,0.24369405675725297,-0.1170727833211703,-0.4820424881832442,-0.30415405671016765,-0.14122805980607933,4,0,1
EXT1,10,0.05139974583573049,-0.1169830347325585,0.0023145670592263664,0.07851976307960987,-0.3859397427400408,-0.04232491898922912,0.0252726622766557,0.2219759729861221,-0.10530652625439367,0.13492390537106697,-0.07598277737866303,0.28003813395824506,-0.09969382807639575,-0.07104911865797628,-0.2523848057288672,-0.3859504847345306,-0.0250960973351001,0.08556375634400944,0.41736571687110674,-0.17368883899791643,6,4,11
EXT1,11,-0.007962996813978083,-0.07579691909573304,-0.013625515228597231,0.08748639565933004,0.055747053976387226,0.21937403751530024,-0.06991467469946049,0.0003125566311823567,-0.16424432571514486,0.24371073382376976,0.046371762146013865,0.21610777994207192,0.11892495900579074,0.13639173569536572,0.32603137696983964,0.2156349677226464,0.1068920636668273,0.162196025822683,-0.1685097210863715,0.04135417103113797,6,1,17
EXT1,12,0.07514853391913208,-0.09674048949711603,0.24665863330307858,0.47179777446842897,0.14324785473415136,-0.10437678585048048,0.10881966073668178,0.04508679257485362,0.4568340444254514,-0.37967592206672035,0.2382060442738137,-0.01644099782048393,0.15909804724021662,-0.027262442670309636,-0.29138997966623936,0.2793962975804328,-0.08345124021079049,0.21450410306641393,0.45775934527249623,-0.00563467727387806,5,2,5
EXT1,13,0.2611543997989409,-0.11643232034124266,0.2109378575831978,-0.04679621682480512,-0.29028642377005665,-0.18352408492057892,-0.30311272470634915,-0.3824479062934615,-0.0011444841726659801,-0.12862537205175903,0.2808649121564608,0.0015581273471176492,0.07272917022082906,0.1065153268368223,-0.3015089863752344,-0.21743377841707398,0.10523549400464333,0.12747562735640733,0.3811124182810036,-0.10581315137722816,0,6,13
EXT1,14,0.06239286024318828,-0.08024155497605348,0.25351130318442716,0.6152301881057101,0.240769090916191,0.049009105277222034,-0.09481851725114479,0.06508653714582548,-0.2403725181897246,0.4355903489046049,0.2831932516102637,0.18212143999241884,0.19973115041182368,0.2682499521686084,0.13449228146607967,0.18408800892067723,-0.23128323597497163,-0.3093783220549202,0.059061182843950254,0.05082338699565334,0,4,3
EXT1,15,-0.24551124196016713,0.013913715871768647,0.1072302778603819,0.17012752312215973,-0.25747381002945763,-0.16672705622884557,0.018452034513340137,-0.07955996706804605,0.48504775499527814,-0.05476897074488593,-0.0016028283529852336,0.1653146762913156,-0.02168173434585679,0.34776935919950736,-0.2232205224269173,0.11683170308480399,0.3609614841717245,0.22544146214951644,0.38503099485195214,0.2159791744401214,2,3,6
EXT1,16,0.31228444129419725,-0.028827066119750167,-0.06855711252615136,0.34920138876770723,0.2329199523851911,-0.010068517863001858,-0.2822727632178553,0.15090026890873592,-0.42844146709188097,-0.13591435653631379,-0.00564690400011101,-0.05455933749773401,-0.2590767557587538,0.06159237284293384,0.020900285699178223,0.29666149878390646,0.009573108854829666,-0.5820934823440992,-0.044809556991730407,0.09896112361712044,0,7,13
EXT1,17,0.3112937871006382,-0.021671655999360575,-0.08894829020218825,0.21435683107647074,0.3284152766029223,0.46655866491445347,-0.3062229170047553,0.0027335418874575223,-0.22065233075209964,0.011264091776334105,0.021721036284780466,0.18771837359178256,-0.20780748107360225,0.026434008342423713,0.044256995573561844,-0.14511719450531319,-0.05009989502436731,-0.34541052766479746,0.2017319010427943,0.3716334980463468,1,2,16
EXT1,18,0.17644016104289162,-0.16896695691665634,-0.3378608446188406,0.12370475173393866,0.12537420938445204,-0.3710438324956495,0.06949110467037839,-0.014383497492766458,0.10314857923486903,-0.268938532984339,0.4153780869263265,-0.02546717553626487,-0.2311489355537542,0.5709558786136144,0.0015008094201635043,-0.07158381656516592,-0.1581877822872763,-0.29809814741633034,0.4049165060585207,0.1349393810281473,2,6,0
EXT1,19,0.06851541988063803,-0.0028424504142135704,0.1863039197937491,-0.23737057660529334,0.09892027880410054,-0.0966422969971731,-0.40743268353214235,-0.15323486521546925,0.14065926121177177,-0.1986368332096961,0.13290590136759306,0.08406611069055545,0.12727448229361532,0.30021859638048287,-0.3079404911834193,-0.41973473389558813,-0.13301712299514934,0.03024628450746104,-0.08394770766204172,0.07084207519582977,0,5,2
EXT1,20,0.17070836749723178,0.09282997694391025,-0.3384676951774289,0.13083680640772877,0.05159837396718881,0.12612624412977627,0.10930845157648397,0.04344856167047251,-0.24460518345989407,0.03064245344296293,0.17689228020569403,0.4070586436143152,-0.3606341962557981,0.3185324243791668,0.10812031286688376,-0.25885810433463313,0.22210648298861482,-0.4089424410706645,0.24381831637419987,-0.27570826101128454,7,2,15
EXT1,21,0.005974142929739178,0.06282103304709385,0.003712644659363568,0.1397048171945964,-0.06223347414476044,0.1392408383953156,-0.06131879494384711,0.011615493943136764,0.11965729615838495,-0.12638794497213673,0.00023097923619876524,0.6216971671792036,0.05858182798675742,0.3439792989327987,0.19764706572187157,0.15352492039258359,0.06096789977301684,0.3765175169957564,0.5973225861173549,0.05846131441350552,2,0,14
EXT1,22,0.035874975155853014,-0.04917432165289877,-0.006999911010919802,0.035241992510375894,-0.04641534775374723,0.12646645736446058,-0.10005260203227165,-0.12591561314653343,-0.17691760079705937,0.06464263567702254,0.08012176051987,-0.028249832483431464,0.17860540460647167,0.07078429799341847,0.1595981116258357,-0.2745027770039712,-0.17732020589692746,0.3515495495533712,0.3060420384647585,0.2473317543179391,0,7,10
EXT1,23,-0.24795240374256688,8.772304825560081e-05,0.09323529839138006,0.4602053033123723,-0.09038428734190784,-0.08193881366886352,-0.29441594423232975,-0.12316292813890174,0.38363131227512043,0.09728871797316567,-0.023966386618636017,-0.45742851652837324,0.04167378296554375,0.10599046464246309,0.24786817730924765,0.004931670324599187,-0.016779501981596976,0.635066951157492,-0.023414618569845676,-0.06033413826497978,4,6,19
EXT1,24,0.011655544271370215,0.12736205986842003,-0.2341421919136489,0.5707409005739557,0.5962111574357473,0.35762771705237434,-0.1383954486200204,-0.048091518430940526,-0.25379761228245235,0.03586694310759566,-0.18074915763202626,0.18791538281307074,-0.110892564130592,0.189803417491696,-0.3060682153824508,0.11648680615937455,0.17553066023615368,-0.27799905327689023,0.020753225510746983,0.40076005580460616,7,4,18
EXT1,25,-0.08853215741923678,-0.14182295945385043,-0.15704645861232347,0.3438764602553714,0.06367717276393842,0.2905405698382624,-0.35338450782103803,0.2131204827811884,0.435167800227689,-0.15464342065883724,-0.1466683918156257,0.06146575962213342,-0.08459408039874829,-0.22099748461263766,-0.02676487385800909,0.0706552225101014,-0.2572646393188431,0.38882416870032965,0.17220678376922424,-0.28730415481526317,5,0,14
EXT1,26,0.28293999797462327,0.009602714725693708,-0.07276386682872857,-0.0038421025568718633,0.1608795594661894,-0.08634576941323871,-0.20183282633128163,0.17167735712409807,0.06999545329257835,-0.004891338840368902,-0.062368939401719455,0.4218122740202847,-0.1861283715828857,-0.10657093961287911,-0.04140940993488364,0.30468176229355376,0.18095417230562025,-0.005396369726338644,0.09000050883866088,0.31520659632492626,2,5,12
EXT1,27,0.24208961814869134,0.10096776185437181,-0.1009898997601999,0.35474604699232015,0.18504882831783823,0.07232581234450036,-0.18931474849439767,-0.23661659663571744,-0.06580421196875043,0.19889366146720397,-0.08029049317611348,-0.07598858322492574,-0.005992793787807632,-0.26603019611936185,0.09968225032012669,0.25934881109245134,-0.19808832645552565,0.10800747565574263,-0.24362522744784387,-0.1192536467401634,1,5,19
EXT1,28,0.11563615287273477,0.07779626307265115,-0.09353210827691531,-0.35678879507653244,0.07842517595788638,0.05449495038487921,0.015348886738335022,-0.16523563525500234,0.48132408368009155,-0.24210531115174797,0.004444629998033413,0.33783932778286035,0.17132193937621665,0.44333059063078584,-0.36364444093325077,0.3811567966407996,0.07453340952655496,0.3839593840812295,0.32359083062708144,0.2516735380257111,2,0,16
EXT1,29,-0.24969005363453334,0.19604603200251844,-0.5823334011368939,0.25709549168755136,0.3098477619884296,-0.04548619138733863,0.2242033248495504,-0.02976676195412723,-0.3029771541807991,-0.02070776010188875,-0.5376238756973036,0.4388588623670565,0.09243949092390251,-0.29548053234813243,-0.03416229335174296,-0.02625679137843417,-0.06750143833173101,-0.052459897090389916,0.25692392499542616,0.06241302307571094,3,5,2
EXT1,30,-0.23511206762316916,0.14175398984910897,-0.06369086581149759,0.10911635526641986,0.2840236266418893,0.17574367077153635,-0.2354059447771894,-0.11139717277152891,-0.17170541162061478,-0.067303122769788,-0.0032758662573345444,0.1954876943115986,-0.024924748372299688,-0.14230712455091246,0.29941808709117473,-0.24716021183522677,0.004555766169272772,0.11461311952107835,0.05934164919072889,0.16921179275368808,3,6,5
EXT1,31,0.07658755456803681,0.3367635754702634,-0.5230640533812514,-0.08988339757166341,0.138354493253211,-0.013513326727777265,-0.4644408422611628,0.38195176312680307,-0.17729876081559529,0.15248096324842741,-0.2635480576284118,-0.1474310340513296,0.012360740764758245,0.02443849849109147,0.09494964967830959,0.027643153445234346,-0.2513002808688003,-0.010940703429789459,-0.2797134505796762,0.34847535222349824,7,5,0
EXT1,32,0.15978060464693927,0.04151850002120786,-0.5660320145252343,-0.044841193637020466,0.46939427868891465,-0.3047161570057108,-0.22835404145280694,0.10367476100473941,0.11201639285084529,0.012816931945459525,-0.19039523298605643,0.5942850730440935,-0.07044496990999818,0.0630506514242555,-0.18866560166615162,0.14236948758662313,-0.14673807675102873,0.004898947135768065,0.028343670471411904,0.18321430928718344,5,3,10
EXT1,33,0.12901687874466428,0.09250111152417438,-0.3225617519793346,0.0637370696543454,0.28607630497048614,0.1930523173977401,-0.4233459167423739,0.26412423412864133,-0.009894538206361846,0.05951192919446229,0.14805630942643888,0.4229388224024442,-0.18573060217326437,0.04040205409172904,0.1706088265046478,-0.07673967799033526,0.17939664641080466,-0.20326633953873902,-0.06867450090487437,-0.037978879004861577,1,5,5
EXT1,34,0.04795636771815799,0.11375852813052499,-0.41927135872366794,-0.12824369522600812,0.545354053828728,-0.07883626765610803,-0.10448140364123036,0.19684885647030967,-0.09744564958668916,-0.43012496291608443,-0.06022802247533327,0.5599761391524815,-0.07965567372226381,-0.24633961649262637,-0.12104958764423213,-0.4562143738246836,0.37486600306235995,0.36697792154871356,-0.02395871705613181,0.4658194738064593,0,2,11
EXT1,35,0.4207219889811316,0.34893542806480987,-0.17807677970212205,-0.007798483176095246,0.3510528142242433,0.2732605478489532,0.025472753803122174,0.10743503923069568,-0.3699944991705104,0.37574628206787974,-0.3280198289906628,0.21575804933025622,0.1677577926457559,0.38104138325246967,-0.16000748400338896,0.2612944330892958,0.16476186238245877,-0.04023946693695688,0.28115799108054906,-0.020401628758640353,3,7,14
EXT1,36,0.3423264175644111,-0.04704431560168516,-0.22512467157849192,0.0676814318774063,-0.34025582200893795,-0.2667398771072849,-0.4830576985522979,-0.03259336670828413,0.3069094368490603,-0.3056582933606012,0.19884752191087457,0.20555382058969124,0.18395485092372274,0.08933262985426967,-0.4173194773698974,-0.15100837920252605,-0.03878642686388642,0.5639485189148953,0.2716970600350283,-0.17435274879455984,7,4,18
EXT1,37,0.009082265532873257,0.21665096219372362,-0.12030625657340153,0.5996930596879346,0.14830592737894646,-0.052477049978560814,-0.30391842978765415,-0.12385141307059067,0.005654255345112253,-0.04687609498208518,-0.05609677082938797,0.03260346516451075,0.09936906555972459,-0.12643638574247057,0.3265677287916412,0.2616624935583758,0.004816035554041063,0.49538022188945546,0.3598846414815751,-0.14420347022488833,7,1,19
EXT1,38,0.4840542276664297,0.12961801178890772,-0.019139643664227574,-0.009765143760478445,-0.17880758832358246,0.11812406055777558,-0.17749254207536494,-0.07564563240482494,-0.010078195296406406,0.14021281548764492,0.1066675813869165,-0.13022063167488604,-0.25468554137129634,-0.22519720768756527,0.17462916925910696,0.059547736854937104,0.25231638984303617,0.23901539903788888,-0.019007344526899214,0.277120079390824,4,2,8
EXT1,39,-0.04914736142735345,0.04621749842886915,0.09799232491953724,0.22695886630748774,0.36649676168701095,0.09116302808417871,-0.20903908496043894,0.5260683906419307,-0.057915049264287984,0.1334860496055416,0.03942910958830362,0.3674509908631144,-0.0634063428500057,-0.10332385554752056,-0.10662769120984623,0.38955391666282274,0.098099584836286,0.07967227017012031,0.13570489915044714,0.034326794657133994,5,6,12
EXT2,0,-0.0990130962767271,-0.2125168656735736,0.29034286415234944,-0.20870922578952542,-0.05470069878077618,0.492932230819598,-0.10269970414482477,0.23044869779393873,0.48698655814972414,0.054626317525534734,0.24317781438483885,0.1655190406022827,0.2063223313792046,0.6432065745506517,0.6516038443222825,-0.05773109874365859,0.21356736349830577,-0.5046302818414157,0.20545580278316034,0.18408850469686147,3,6,15
EXT2,1,0.13269454680832132,-0.11978337858239022,0.4519401052421351,0.3295351337324882,-0.12525998349875928,0.3817346966981408,-0.37399297938315673,0.017175110843190053,0.4049646584138127,0.14945359276312742,-0.21353852064796894,0.01697360006874291,-0.3756864234406599,0.05828081351641482,0.3466231725840735,0.3230216278786734,-0.3659490004688524,0.09330000780778312,-0.6415408991009083,0.21091374440817828,7,0,1
EXT2,2,0.019001655698735374,-0.11379345370897581,-0.08421310556853316,0.021950094782131887,0.00854778812038388,0.025635110811994023,0.035449993944024816,-0.7255022572091513,0.16732376012759875,0.20515669555905994,0.17372969628756918,0.19030142850563794,-0.3434795233054878,0.216244295627234,0.7607192842231915,-0.5625663071074255,0.04152106564391599,-0.49794764665970914,0.513902348701069,0.19521906857401244,5,4,5
EXT2,3,-0.04902679485737583,0.07634681709917651,0.4185599444551534,-0.3228990731897988,-0.0029571150676855106,0.2740462635072969,-0.545395515452266,-0.5995004480597687,0.0268514046758434,-0.34986819772240874,0.1599621664837536,0.31000112865858453,-0.23733749451193667,0.10632128662368469,0.828182198141437,-0.16298933713390404,-0.0629139347495711,-0.5546692856423051,0.2776637208554535,-0.31782747490387053,2,1,1
EXT2,4,-0.07186741785526139,0.024244455550622566,0.21003305085908788,-0.035687166437254246,-0.4007634837129359,-0.0630403462400422,-0.041999804561177204,0.05743240561799409,-0.06713830636460866,-0.1592940135152862,-0.3317458807018541,0.3249032210024865,-0.14425040001740583,0.15392883474421784,0.6242478740902367,-0.09773671125307948,0.14683075848886754,-0.1894960385206122,0.05152084856197051,0.3333766680926137,0,4,0
EXT2,5,-0.032865780449161594,0.12388293772144185,0.3181587688819117,-0.07870660891259947,-0.09539406586982982,0.306942432470993,-0.5741278236599427,-0.24319089763266688,0.30372931670878195,0.39374841851045744,-0.2236611322715896,0.5266459901877889,-0.16152204400522815,-0.5099674335531394,0.7898282579591248,0.2112534812561715,0.5405991770005484,-0.6063159489762772,0.6576033278663683,0.3773225015661262,5,1,12
EXT2,6,0.32450202642782716,-0.32255745222461996,-0.2136422016112335,-0.07494332979145736,-0.5607300719100531,0.006207613904545361,-0.36057543408858106,-0.4393826496178142,-0.013148741266324291,0.2956235044011136,-0.6286656535899315,0.1935894672896041,-0.49806058857031077,-0.2576373209294071,0.6234161082654298,0.09779766583008105,0.23435828819489188,-0.5098113051976101,-0.3513202490062163,0.32358283691095113,4,0,10
EXT2,7,-0.18376477162130841,0.0413884750704542,0.12136696494938108,-0.033491480054737496,0.36774969185595496,0.33041433680167875,-0.2647185976861052,-0.17641011477050716,-0.07357167606284935,0.6594929653639456,-0.10428297113094913,-0.16382475063615504,-0.11640353776217707,0.2560936679164383,0.2932591575903337,0.16714851663091662,0.23627447884191166,-0.1586101153658556,0.34042311236600387,0.17403425217446605,5,3,18
EXT2,8,-0.012742304951439095,0.17101729882322508,0.41148349937832723,-0.38635446828246733,0.35963032463638905,0.11263934638370829,-0.2591413417003371,0.32616098973984214,0.07554149453262679,0.3212988598994269,-0.08225186182525066,-0.10752865599447604,0.14435498947783384,-0.07297541263474266,-0.1847118765491815,0.43703558181345187,-0.0974710285991414,0.23573270991989093,-0.6592835852723137,-0.15498072143724784,4,6,13
EXT2,9,0.13340070664882853,-0.3136774197459522,0.25709918357363315,-0.14284739511967878,0.11323967106644393,0.22506561061152655,-0.4092474366033668,-0.32882656425650975,0.15331513526561896,0.5139327307606815,-0.08175059786201651,0.30413463237820104,0.245690587768448,-0.0033918894649075286,0.5749834887469644,-0.05412591786754095,0.004455842949682772,0.08253265415836387,-0.7189399000129035,-0.22002506889420978,2,6,19
EXT2,10,0.35093082758127625,0.3329252826825506,-0.21023333963193974,0.26269264496705563,0.4178005450615476,-0.35963879098926393,0.3444392506619236,-0.3057828174538316,-0.1604896989301008,-0.4090051303856707,0.4011161149365683,0.2714931160476197,0.2993565261115326,0.19371510327024147,-0.4071154181303793,0.11038301132883922,0.23810959154898778,0.5679867265891461,-0.34837154430648243,0.02813205968835642,7,3,6
EXT2,11,0.10650596101459489,-0.08397350849655974,0.48824051408490005,-0.2476823304154209,-0.12266194296421414,0.356580247795346,-0.3504381088773387,-0.47479089232135396,0.5196187644048694,-0.23165926458796132,-0.10927015493280623,0.3431192729755503,-0.31377045794631475,0.48929706105469006,0.6037938789685605,0.39917335092527256,0.31433201390542076,-0.7154243484694496,-0.023020185245268544,-0.38747340652267886,1,2,1
EXT2,12,0.46267792250555057,0.1596769284348979,0.03318572952964559,0.25275459822959884,0.24594022949750396,0.21856765089607172,-0.19814875710398225,-0.24371295887512928,0.23333880657233294,0.40873409930491883,-0.05147054683717126,-0.03193205240997991,0.21110499035694516,0.27535628206726137,0.4110987416702657,-0.46193334126863395,-0.3913324156445709,-0.12165934895110085,-0.2767036698609223,-0.23327020163841325,6,2,10
EXT2,13,0.3257464598533921,-0.12047653834736322,0.58430235579192,0.1182835111570548,0.30241860749612864,0.2623574241673455,-0.3126143432812478,-0.21655419725712907,0.5572230096212808,-0.004279767314281494,-0.09976429716662076,0.22791126365468267,-0.4661866005779416,-0.09500172853964095,0.750894486094286,-0.02184095971737151,-0.15052948761813223,-0.6252452911531925,0.04801098478274419,0.40070437622935023,7,4,6
EXT2,14,-0.13464619857727023,0.14526942918766914,0.14043518171205446,-0.23805459313911678,0.45494971015676405,-0.053712434397352585,-0.29594341466667945,-0.43538366510107007,-0.13991919672948916,-0.20258055736350128,0.5301437882720353,0.3325918720837671,-0.15871980129210952,-0.24596713848421128,-0.48722484313519615,-0.221648033698857,0.12935427860004994,0.22408784967964518,-0.1938727680527085,-0.21496750434731465,3,1,14
EXT2,15,-0.007216084730872623,-0.5809995583988389,0.013602631241632959,-0.039490419330571576,0.06122023045255432,-0.06839492976420113,0.24015249588979723,-0.023606458228745218,-0.055236880337736174,0.3200627834481376,0.3032701605561102,0.14042588770488745,0.01649247521175947,0.07348700792726263,-0.09638609951303148,-0.47495256378159684,-0.318285365297002,-0.19693246660809982,0.3862541093891942,0.00921292702348774,5,7,7
EXT2,16,0.4436147324353275,0.00017794142957622763,0.09555133105547199,-0.10772304903781471,0.10698871114159707,0.29923319626304457,-0.28314798069481667,-0.05156946995232737,0.5748770048002818,0.1768664320954312,-0.5007849917791025,0.04305990431350783,-0.41885670886773085,0.5067974364858929,0.5405920135486667,0.08296392496155446,0.4396288686401692,-0.1316435555307956,-0.40657216272268953,0.19755315098053342,0,2,8
EXT2,17,0.09479252142304115,-0.12511315848041038,0.18755038059352258,0.307064110035593,0.22896784239427584,0.1813975881527423,-0.3002236478721089,-0.27727272904296163,0.3795813624836579,0.4883404590893791,0.018182949881878963,0.3652223327090582,-0.11978211661450269,0.158469448877681,-0.056232304633636446,0.35519725384205747,0.3872717839458428,0.41782825863008244,-0.6264995307434525,-0.398987475117653,6,2,18
EXT2,18,0.3871309742201288,0.1138338327205711,-0.06736471571464948,-0.3285991631997783,0.0076722328712766985,-0.10347646607693395,-0.5586005033614616,-0.7228894617890564,0.45577151101565655,-0.23611368806883948,-0.04226611932253841,0.3462641219078066,0.08896396926471545,0.5512284104507473,0.7013115187969454,-0.3893117177807591,0.28561174821550545,-0.716191381740799,0.48297453564912474,-0.5249553799627751,0,2,13
EXT2,19,0.5746148926181558,0.3336761008935287,-0.3718109912690296,0.24712818266887054,0.23751545748606195,-0.22699547345187465,-0.020858408479606957,0.3755390933836952,0.2741646474548263,-0.17474649166668446,-0.4197223567829278,-0.15172671040363808,-0.10677766596168461,-0.004404066921936664,-0.3973654769470838,0.3221083543670434,0.06323042234674563,-0.001275018036201607,0.45697520806248915,0.36337749766888805,0,2,12
EXT2,20,-0.018283267821874734,-0.0038954569504518763,0.35480328562756536,-0.20557382862643508,0.19217289208984434,-0.409495499095216,-0.10192286331081234,0.06811873867409678,-0.41738374050322524,-0.0920094239441775,-0.1314255705028578,-0.3891082601734949,-0.07662961157257231,-0.047213321015751764,0.5164073225730803,-0.40304548385886635,0.5543863206802572,-0.6855586041005693,0.7045410984631628,0.33727429000546333,1,3,18
EXT2,21,-0.023523309117514494,0.2168226481962213,0.15808181581309494,0.20818107150117077,-0.04888528923983828,-0.3308585487153321,-0.07706012069298224,-0.18582755036750578,-0.2798681777244334,-0.3698121687766392,0.09151774555651666,0.020475269302952546,0.26589629572493034,0.22641765431755245,-0.2532321483544113,-0.29156928295716217,0.3534583398013426,-0.373746692348458,0.23404232939861302,0.35722848593603385,6,2,8
EXT2,22,-0.099897037455304,0.1678802598011911,0.05190762452092308,0.09482957211603071,0.06890143072803707,0.6051203282689838,-0.5156378222593545,-0.5594593379627296,0.6029139615020086,0.6198948350213318,0.3565574416862635,0.45945652493151545,-0.3690343915067358,0.5064558442489954,0.9320842771250193,-0.28430731564487566,-0.05874362086934331,-0.7884941501701965,0.29936992511621646,0.03720017422765819,7,2,15
EXT2,23,-0.37167154044700734,-0.08027308196684099,-0.41785286953155604,0.2675308382851079,-0.2220730583230459,-0.37357060719063556,0.31893568690101365,-0.2926963894888014,-0.3308153198189581,-0.17715897908539155,0.19666769564067482,-0.26032828144207865,0.08303234354189873,0.3788634737368843,0.38760688488095046,-0.46590028186765037,0.5613335805584801,-0.2765353508452999,0.4172269063556696,0.30572899868623504,0,6,8
EXT2,24,-0.17686851071397255,-0.11668809131286469,0.09529867469157942,-0.10289954575720629,0.24156841127767698,0.17793019957801917,-0.09602515060308187,-0.23702227891040417,0.044204786882404624,0.18605018379375177,0.14945391844242706,0.2218118998758761,-0.494104331664792,0.7320015413165586,0.6857668980479755,-0.13393891875268552,0.11456743795516348,-0.8720831094715292,-0.3429743130669981,-0.22023719574160375,1,2,18
EXT2,25,0.013629436845763431,-0.04427533681645734,-0.07983420523008643,0.40052173319684914,-0.14863383499975516,0.19950300618309358,-0.7029564686852213,-0.18497331569034417,-0.017898152689143892,0.054537678286551365,-0.09874673688837325,0.06821848147991909,-0.2856995854990348,0.20768722711576404,-0.03629461827657197,-0.1643882573925987,0.5725014513764404,-0.05211725065015596,-0.1855959169498008,-0.23976088217463662,6,4,7
EXT2,26,0.03183186390659521,0.3331455971174919,0.2593599929349393,-0.0735586787570694,0.05888586651038652,-0.06090285546970278,0.3558974048305524,0.5122799117990348,0.13029850710055943,0.28224941302704093,-0.09955808566309421,0.1189385254878741,-0.13342558700810686,-0.020709883493133775,-0.36574995212718653,0.2173220775354521,0.17444666911990098,0.08020559640575589,0.048283491285237026,-0.1462779951374936,5,6,16
EXT2,27,-0.21033282570997755,0.2575885825622663,0.31500167361025616,0.30781960959327903,0.4458536363150326,0.19197553936390835,0.03842250383834726,-0.218434078982887,0.12329584590630695,-0.07043682711886952,0.2214138116030364,0.06951660397933292,-0.18423181149016415,0.16245729675321066,0.44468278528974964,-0.050777569632583085,-0.09133806933283618,0.23527922787359176,0.4992503292511276,0.3197823954812808,2,4,15
EXT2,28,0.47630990582034405,-0.5036721003542357,0.026833833147485935,0.25639597839021605,-0.2335588500369228,0.17453152432474697,-0.6649801203527974,-0.2258179598500362,0.6062064646274309,-0.050088278200159896,0.2201130939345282,-0.1964783733399311,-0.3265860745410332,0.13870172391336175,0.6095876306754834,0.042186123766743355,-0.43131308557597103,-0.6064153257213645,-0.10695602224019254,-0.04732392498297293,1,0,16
EXT2,29,-0.29212479936207314,0.14469463270093827,-0.013337085268862656,0.40731739736118683,0.030351038547189808,0.053180350049036214,0.2874308027850593,0.5361314112333911,0.08132553517869037,0.3068202168495614,0.01433367250743333,0.03702961532341037,0.01864011267187082,0.10120392424020389,0.49688323992361827,0.14795272498399992,0.324949002141547,-0.08721890659051454,0.4579770447732946,-0.3517510278641592,5,6,17
EXT2,30,0.23327039917484568,-0.12924353655893261,0.08134057111412761,-0.1243930903151866,-0.4059694632538948,-0.06170583604428051,0.1452733259248045,0.35178182133881275,-0.2510722356179318,0.4929232713780725,-0.2659829618315342,0.493462365955427,-0.5053251767909042,0.19383819091158364,-0.10026451089543982,-0.21352029820480534,0.255593488269996,0.005223780705387245,-0.1570547031761135,0.04681246326881339,3,0,8
EXT2,31,0.19511137584792723,0.2834313289773571,-0.35680652554569814,-0.24795020270705556,-0.4490020772333401,-0.004291397821409755,0.04828508165063624,-0.5580387096886424,-0.391115033442096,0.1644180477184883,-0.30705442203107436,-0.08920496717125231,-0.27155295589585754,0.15536239400590834,-0.18372933128840901,0.16078475523924948,0.11655588172828231,0.13944320151712364,-0.0914171177821485,0.44099819409728613,7,4,12
EXT2,32,-0.3952200315939825,0.1114878675542397,0.027566527158212766,-0.17177953768407425,0.24447379001817807,0.46147704158599245,-0.33367950415606223,-0.16096323442383234,0.3521566656494623,0.255422349202095,0.23797305116369202,0.304224125016172,-0.14243045698466975,0.1767638249861538,0.44554711036074757,-0.35550478966992655,-0.08992130301337144,-0.5911343520543995,0.09004658241799049,-0.3116268703231564,1,6,7
EXT2,33,-0.4590861900196758,0.23037604750951593,0.09987883786410089,0.1951990569781282,0.017877778455875282,0.30846117463548944,0.25889062780801453,-0.11610939933079326,-0.22882868733657244,0.44431251145624195,-0.14611925552642666,-0.1412387807578683,0.2908473440154764,0.35614475767066694,0.6690386353240413,-0.01989188064281634,0.014173818593674219,-0.5660715176502651,0.42967457363826445,-0.041358000328144684,6,7,16
EXT2,34,-0.19726703417896777,-0.14537935263138146,0.03541616485531916,-0.17571400416766816,-0.24408992218127798,0.1473675906781473,-0.01726666169139633,-0.1570384208770248,0.15435683800541014,0.21272219715082943,0.14569822177581374,-0.3067770304111535,-0.208021437007387,-0.11537968259988983,0.8224391240022735,-0.165491088356114,-0.09821888728027156,-0.3846214699343074,0.01886651463909275,-0.10793895125437014,5,6,15
EXT2,35,0.28120951515531745,-0.28971368813516846,0.6082483551599512,0.1148776935898074,-0.26930703941901224,0.3493041957371618,0.024872615720908493,-0.3414630707032347,0.5738488215383888,-0.13250956083718635,-0.4207301338063996,0.08465151078055123,-0.39925667554138233,-0.5566646501489464,0.3270350322102525,0.0012337777652882554,0.04048430967795158,-0.43302718503298143,0.396000142143552,0.050740917791179695,6,7,1
EXT2,36,0.2647739112956832,0.05946187721202356,-0.22827570152952217,0.006238085642534746,0.24643449573539258,-0.2694856964026023,0.14941812085033485,-0.2834348854207307,-0.0315213107091746,-0.302603405641787,0.3862628986793325,0.15498831759566598,-0.4471841126321133,0.45984159128019897,0.10467548802393706,-0.5766308719003772,0.11616405251676201,-0.4222117908428207,0.20150317151907182,0.0340538318572584,6,4,5
EXT2,37,0.3041428478283463,-0.1477562160642093,-0.13932995099559622,0.36032617396688,-0.18447659118483267,0.14157114837382287,0.03861252347059245,-0.08189086245515165,0.14494556084260757,-0.026784441578381835,-0.1888452566566702,-0.2588572170874948,-0.37861030103965426,0.050725828089841565,0.7117367229725009,-0.3721657298847578,0.17204192538339907,-0.5634951236592456,0.632380439873514,0.30969939576912303,1,3,18
EXT2,38,-0.30650808678234825,0.021784587525207327,0.20605252968177643,0.10073657252411715,0.011219585042126314,-0.028355629832022833,0.036831252300545195,-0.5173284529640523,0.6464802307698375,0.4592169072488055,-0.009182840920050922,0.1628362366323252,-0.3712811800723424,0.7233726438881471,0.30093042663267017,-0.01788041735300229,-0.3740690758102852,-0.46967454469978304,0.25770713157533737,-0.418472266667465,6,7,12
EXT2,39,-0.21229797966433547,-0.270582024685447,0.1263921622286253,-0.350399038503455,0.3018737194213943,0.3680683277979445,-0.5835864368417013,-0.11445371598408047,-0.17785788719455597,0.6854523017581686,-0.4012701505272529,-0.3733786593680248,0.3044119535523695,-0.5775906999941155,-0.3890654609313178,0.14070455668400883,-0.1730961783479566,0.40559012376571,-0.44545590126025353,0.07187310596466182,3,0,13
EXT3,0,-0.022074275587893096,-0.13427389399546977,0.010897935273604838,-0.10563148275179211,-0.07932778469112735,0.44104594784283246,0.015061083712359207,-0.028513972732356056,0.22784257276509973,-0.26226109254812524,-0.013756499728363174,-0.020804933927731403,0.1728182459871366,0.04166281812817246,-0.1384064819777496,0.11004023636204384,0.08999434257417283,0.17707908171106018,-0.0796864777249259,-0.10838687371860725,1,6,16
EXT3,1,0.14574957683039674,0.02178163638717545,-0.21192831516866983,0.04211969931976085,-0.04990919270177552,0.20101739383067863,0.006556195927089627,0.4101503646910225,0.013104720019476532,0.15206706703116885,-0.0267502944440961,0.07595065302163605,-0.5307426566192551,-0.06430177609248527,0.1030187434568032,-0.382628407349533,-0.0005814932621221138,0.07311705499397537,-0.16782939078396492,0.16032603885456492,6,0,4
EXT3,2,-0.16083052091674527,-0.018252554640372304,-0.008846522925337453,0.06296639874380255,0.03745394583920129,0.310594240587112,0.06159839669994589,-0.0024540897258570936,0.34470817175901447,0.3996341809240038,-0.1128034212073824,0.02093682334448982,-0.5970638625111894,-0.06644172606921338,0.20240719868236454,-0.43223323403402153,0.05171732328698567,-0.051814653120223784,0.08849239812267778,0.3283205714689522,1,3,11
EXT3,3,0.07691807436341047,-0.10351107476374895,-0.023904595000403074,-0.047858594260178494,-0.018666794034844326,0.5287189598792085,0.11427445470147346,0.08967948679572638,0.0439214811043795,-0.0076854042438742835,0.09659690615803872,0.0872406175593451,-0.06851597639363204,-0.27642039797256757,-0.22947844989113875,0.06688136290531987,0.12286230056303005,0.08201233552643206,0.1222028804943664,0.11380487967826862,0,6,4
EXT3,4,-0.19416469322979835,-0.02355331143433765,0.0774541089200572,0.08739413124321897,-0.04792636333025331,0.3889885892367419,0.3182036956345944,0.19736064230726477,-0.09889546563930883,-0.03291765989943046,0.16579510892845978,0.04340266153698569,0.0014990462436570698,0.12937101678521126,-0.044171281909598896,0.3718535344441369,0.07464442002442798,0.022215617118544473,-0.14797059422782025,0.12611730236410976,4,2,4
EXT3,5,0.10000305589938822,0.030524547494164767,-0.11227123813179696,-0.02239617329502249,-0.11662203619650835,0.13685890014241187,0.23776600324887565,0.10069134875525972,0.08607664477389602,0.11373936066012154,-0.02534197357136166,-0.019891923946078152,-0.20845316255930185,-0.04460943134135063,0.059428358230786696,0.0037629394076274993,0.020435866542779072,-0.07934333362197538,0.3345245039198704,-0.060833387801213515,6,2,14
EXT3,6,-0.03576590249462385,-0.1139372524517017,0.03427009303481676,0.17821728429623834,-0.052556770301940635,-0.04723402621725681,0.5964278025523811,0.14981820818020036,0.04533797705273601,0.17134098397052555,-0.02335142039821317,-0.07815092085878907,-0.11088699630778784,-0.1813074407599391,-0.10856621608707433,-0.04054534907449345,-0.2761126261284462,0.05399201931161218,0.2823442821442383,0.05031801071504465,5,1,15
EXT3,7,0.036484002513743334,0.06941876546746173,0.21788441046196347,0.10950944359417018,-0.030746218261170084,0.09084674865529116,0.34807707155916356,0.13301969229264032,0.09967222060110019,0.11433739579713142,-0.007746643518853967,-0.027550807140066472,0.008356450405191321,0.11856003475416729,-0.28546018859115485,-0.19829608878377553,0.08710453013220992,-0.23406813256180706,-0.05424822342433012,0.3372510009224292,5,6,7
EXT3,8,-0.05368807633566236,-0.09273736835279975,0.05595159182128845,-0.14111660329784373,0.04392260632539906,0.2615051542267961,0.18083371998249168,-0.13303101798837735,0.0568261482605347,0.019213549142321096,0.06280399328258043,0.18238522222042036,-0.09709727115315572,0.009391826958633569,0.08491904571418776,-0.42549583500248256,0.17660465444785892,0.3142835530705411,0.29279150314308905,0.0741551857515141,5,2,10
EXT3,9,-0.05479848017560598,-0.15277717559132079,-0.0007272838499441819,-0.22357086762221562,-0.015288905778331896,0.1562539932256469,0.11502908124184699,-0.016442995966500517,-0.06985666011940711,-0.05690734841805338,-0.057208787586973946,-0.05356863943168345,-0.10924821806202582,-0.03853735432673265,-0.0820550483210443,0.15610735264014428,0.5188213116618537,0.1873223534922227,-0.016634577793577507,-0.16332146400816622,6,1,0
EXT3,10,-0.016663825830880857,0.16979069879646166,0.03792044076130377,-0.11040410377109944,0.13744146485419712,-0.08124207477835797,0.43302686959014874,-0.012008332026422507,-0.2116422570672431,-0.05051779650621091,-0.13808254256116895,-0.023820601771210093,-0.165892800791307,-0.10403092627342438,-0.09026547157361571,-0.1824604935899382,0.08559233398196679,-0.19611391919632587,0.15758662579891855,0.013568761485766603,0,4,9
EXT3,11,0.06733772924055104,0.15975900142114105,0.11496777943041946,0.07276182988471681,0.004149196447498004,0.14105002281783147,0.5209578431185807,-0.0944259416532264,-0.04738023419050836,0.08266964508662321,0.03663084842280631,0.0016714741511066036,-0.25749581138949135,-0.19917894578810494,-0.17748756836697094,0.03767181461164762,0.03720287984380554,0.1859458520166361,0.014445906534853068,-0.05194144614500764,6,7,11
EXT3,12,-0.019767333754970046,0.07237760346016546,-0.037115493200864345,0.10700136539267546,0.07465828501380607,0.14317507122316742,0.36030900526786297,0.5117559915970469,-0.048983094494492424,0.002485484086963991,-0.14944228023585895,-0.1106838039685882,-0.03335703478395841,-0.004965944145489979,-0.2630830105629025,-0.1530535420803775,-0.10540942536483067,-0.0892835448660398,-0.019955421494830424,-0.08863138672856082,5,2,12
EXT3,13,0.14919236581620657,0.02221359672680585,-0.08486827905317283,0.08253310353917558,0.07554397760574176,-0.10454138915735103,0.30097698420822405,-0.12679751157434266,-0.05412287965807456,-0.09583899331287671,0.19756434682325155,-0.059762438524774024,-0.009385756082894138,-0.017052456841677926,0.11572520712647855,0.3852806275464282,0.05918965650467661,0.1059444053723907,-0.2993073646849544,-0.268738404255462,3,0,3
EXT3,14,0.06035229134067948,-0.01824498491316219,0.06741434137023253,-0.2735237321944775,0.12518120170700525,-0.049237815344600186,0.049486030447398854,0.048416874785840856,0.10350438798724286,-0.11594873970170039,-0.030055103233634303,0.03362612108553041,0.06466611937386561,0.01963636312222138,0.17871317569876016,-0.09241555325435306,0.1678290908325138,-0.08942797168288648,0.07273914765915926,-0.01155633840813373,7,1,8
EXT3,15,-0.189490118050882,0.01942163984238039,-0.015195379298672755,-0.1945361376671544,-0.1371262831552712,-0.12404894653759226,0.08528978968123052,0.05911910683057106,0.06680270761994217,-0.15010357917012382,0.22878073887766648,0.1726503205340119,-0.21072198538474218,0.01886486857938596,-0.047569839599185273,0.023826248051147025,-0.19978797491275388,-0.07429907855637043,0.29050839881529605,-0.182152444297981,6,0,0
EXT3,16,0.1697065362427004,-0.05397455511434433,0.0592503827835248,0.13739850650680183,0.0076595848484176604,0.05993268593294949,0.1477428059750958,0.49017482225705933,0.054488529206705605,-0.12986479040567656,0.02794553794263926,0.006141571469622643,0.16416990105139895,0.14555740959923136,0.29138043008388187,0.1429041639375414,0.14003038440637927,0.0977384422583027,0.01150649932366474,-0.1788327293151419,4,0,0
EXT3,17,-0.024941658306303342,0.09858079611382509,-0.11570290685170742,0.14462745339622737,0.09317674473358473,0.1520921101623816,0.7142824925045276,0.21264868898007327,0.32975184091677895,0.10554051099799296,-0.1666146353172448,0.10264330524964203,-0.1880077564327579,-0.028549796451146393,-0.10064039779489063,-0.10381987221166024,-0.04347238973875628,-0.1360191166260684,0.05891912963469049,0.1854857664023358,3,0,3
EXT3,18,-0.14131812150206166,-0.06748491260378449,-0.09245549954688093,0.09503154087660419,0.10296674693288928,-0.09963007292611374,0.11275171288826129,-0.1882704888911643,0.4400228529624494,-0.24861324323073725,-0.10310724616783348,-0.13560600233152087,-0.08446202992461666,0.3145678016359793,-0.03309837303379983,-0.3008915672458333,-0.3039613452638827,-0.12759649575629192,0.04405474154249527,0.12136322233628523,2,5,9
EXT3,19,-0.09975954872897512,-0.0892642871934021,0.08666794688675215,0.12305243917013588,0.14197094242783298,-0.14802896926774048,0.4071321771242941,0.029095014416846015,-0.026380999637744363,0.1553639843623646,-0.08572345218188213,0.023491745745493377,-0.19662361326984193,-0.10532406860704863,0.0964576919839613,0.008540774519504173,0.010238364589191853,0.09131568512201901,0.11345135591212142,-0.05579279967677852,1,0,4
EXT3,20,-0.013560464776534465,-0.013559186551443093,0.019472733629642334,-0.19662565665027862,-0.02880926763360996,0.15544279800146865,-0.037687979810021664,0.05685889577643203,0.05463349766095291,0.007435758382081631,0.11177547704030949,0.11475724643858096,0.17140728939385635,-0.06009319076756182,-0.16787287659665445,0.1534235629159635,0.10237243301916102,-0.09531435121954693,0.46978574804433987,0.12934100339518032,4,1,3
EXT3,21,0.008772920523843595,-0.1482132303129897,-0.04211493988726529,0.012622977915934731,0.035348114285805345,0.15962285868652157,0.5101696296725896,-0.017502656444904233,-0.08182552766798178,0.11520055951622554,-0.09759146371444506,-0.1004648449054333,0.06225183716734527,0.08676502868279723,0.19219278355411412,0.12577341667946224,-0.10549307796351576,-0.09034698838302274,0.2584654661402369,0.2069190722330095,0,6,4
EXT3,22,-0.03137379982016616,0.07531730293701999,-0.00035352149802449977,0.0011087986500212964,-0.13876555515595665,-0.08532332271632642,0.20054041281677892,0.3825275856390818,0.12595732302394208,0.07314058778640098,-0.09745401922787811,-0.1262091221655592,-0.20598491499365731,-0.1683438848007058,0.09725255138350851,-0.13003961376505246,-0.08794072640692514,0.23988646433168329,0.1828304273398681,0.058417029521832274,1,7,9
EXT3,23,0.11874150461327845,-0.11313988683989387,0.23084991187808604,-0.05934740905405289,-0.12282509344401317,0.011441761935617712,0.2440067552874386,0.08112672829602162,0.21652197654262334,0.03146476052423716,-0.2602529796661582,-0.19332060596659897,-0.1401904535442278,0.17077250481028508,0.15026249929286586,-0.3401440284716688,0.1379626363837054,0.022392908528111873,0.44289991340637275,0.1990445248707989,0,4,14
EXT3,24,-0.09035215001109358,0.1413530488257005,-0.1010550679348496,-0.07346513037063312,0.15395639026445723,-0.12507846023842945,0.23397943245185207,0.04809690936025963,-0.032249170805238855,0.04214934960076349,0.09639662350082083,-0.17825456388941738,0.029693062575507186,-0.053993017221781126,-0.0754663617116419,-0.2397204553306737,0.2520185576273471,-0.029162251846147538,0.16061445360276155,0.2205239641087034,3,5,19
EXT3,25,-0.011511348710574921,-0.09752546729004083,-0.008591337454507826,-0.03932410571799666,-0.10231109572252864,0.1740241480983648,0.28167525587461634,0.059374713911251195,0.1409200324193097,0.18747362890465855,0.0468691883555399,0.10585895767686639,-0.2447970521958437,0.06303645760202888,-0.08686212376423993,-0.1771805285279222,-0.05957321644468623,0.14608202037591786,0.06647430479054332,-0.18430853535127364,0,7,19
EXT3,26,-0.12796631100487046,-0.09461484033072616,-0.10558772619773713,-0.0037268327306273466,0.07891523029057321,-0.039202807018179006,0.028728212145137683,0.05149188752107491,-0.09437423503948887,0.000780726364177302,-0.041557106217166226,0.006530175404151055,0.03290958973130299,0.5190432942793832,0.10824337598527842,-0.11059297061399402,-0.048070167277680764,0.09324824992636885,-0.012178949419417325,0.020831128644722887,6,3,7
EXT3,27,-0.16020167021450676,0.019173057012166168,-0.10340702184041878,0.030379505245209007,-0.027551469357097933,0.2352262469173695,0.4765642446508307,-0.028778395662097236,0.020259580394219386,0.11072836600722942,-0.10479606170916886,0.00720209371121654,-0.28543820804511205,0.06867649974974731,-0.034107304168657766,-0.016949274408934095,0.11636853223758077,0.123500426829517,-0.03261303251202444,0.10792831882319517,6,3,8
EXT3,28,0.03633145599700147,-0.12329365599829928,-0.044118702651556284,0.02299266480366392,-0.09891205912444202,0.00355183140920643,0.07130603038000555,0.4283425658312757,0.2142333531413862,-0.2170858415793779,-0.08188540740119755,-0.20638435938466465,-0.14255299369099383,0.26104303563203346,-0.09058782805823005,-0.1652163420238027,-0.02308911885149753,-0.004829117043132473,0.3513284051370601,-0.012704303626845263,1,4,10
EXT3,29,-0.09863045662831753,-0.3336182343671778,0.17010034215506273,0.16643177837570586,0.005681943288837788,0.07815641959617652,0.3066858981467873,0.24583872862500855,0.07650623062000031,0.24423560994987747,0.028816998923396467,-0.13842731970418845,0.0142507731149604,-0.16227844134479485,-0.0239365190798274,0.2918648778765679,0.09035773067198043,0.00552450506603235,0.11883196591054368,0.15635167476843728,6,5,4
EXT3,30,-0.16519091044414017,-0.004590111246346051,0.03992936462292458,0.011296373676590447,0.2677285752466077,-0.0742799161116776,0.021522773815880702,0.6277638618186112,-0.04805024032323159,0.06355720684821395,0.0812094497330814,0.020554893545032572,-0.05431684366343447,0.18992911577399427,-0.010167716039304732,-0.08546257800348708,-0.24341446651550927,0.030466730520667694,-0.13300069854448654,-0.07184858916986844,7,4,0
EXT3,31,-0.0464685646834219,-0.028177602355372613,0.01649980510001522,-0.22923507943225394,-0.012938743830315904,0.20745396281849177,0.028708120844709455,-0.22476631346705198,0.12978614493057916,0.15937652984483897,-0.1161416694842551,-0.1416928460872036,-0.22069419112211663,-0.12216309199742341,0.03901247045313548,-0.20818918610667403,0.10806296588551945,-0.021590125810953268,0.024990535440350417,0.0062921928455717605,5,2,3
EXT3,32,-0.024733170699631674,0.026865788961445376,0.09323699843636177,-0.25604617489063225,0.03269193349666812,-0.06231824867301056,0.31325656315554984,-0.24719674809284367,0.2061924425299557,-0.16678107848740265,0.08757017514442468,0.10902904939051439,-0.22316096016904138,0.3526318260530086,-0.20177985323952882,-0.16568063805124209,0.12546987769501514,0.2816209334182612,-0.18119875640990823,0.03916017786188664,7,2,12
EXT3,33,0.07761857645890903,-0.06602436397317364,0.10940568961690897,0.03896789966637386,0.014845108170731158,0.0012941563821785968,0.4600159553844524,-0.03939987169760339,0.0684693477036558,-0.01950462316608893,0.10619568663273415,0.09746112691560603,-0.1822208902933977,0.06952340729279702,0.02042890924629623,0.06292001914119012,0.15165462484672318,-0.012136739593187316,-0.14614921134732148,0.21176352777207272,2,4,18
EXT3,34,0.09329954433196881,0.17129892033482294,-0.07521507900016898,0.06773398525639905,-0.04080181146613369,0.3014132697529084,0.1807353625957062,0.028601848488849585,-0.036697923897612554,-0.03747292879636324,0.1086608225621106,0.047255160570499985,-0.5292126276886328,0.17868383119411077,-0.1010634043798044,-0.09888581021219049,-0.0945329034013061,0.046071567909771086,0.46406883887262657,0.2097426617655339,0,7,15
EXT3,35,-0.13458460583299514,-0.12810368485206378,0.04207626720787027,0.058766929803096675,0.0771889787301821,0.2671259930003416,-0.07923919172696772,-0.25600739945277246,-0.0023715213287591823,0.18978753659444414,0.16548764172262745,-0.10712312890413749,-0.30043982772508554,0.01820454834912121,0.018767871684677775,-0.1718816268925117,0.34740278297654986,-0.18964769081668773,-0.0203860433259949,-0.20525262964126725,6,2,11
EXT3,36,0.08057426668695873,0.045999184630809854,-0.1212923387153073,0.012139254440386844,0.06198650383372387,0.004670138764160189,0.23930774459208606,0.18125019286307023,0.22520190572948462,0.0033261994543455674,0.010418913568300273,-0.016195821808605595,0.1128781002156107,-0.13897098614159173,-0.004819318988605157,-0.007779437017141494,-0.03752407408752861,0.0070917680912310375,0.2758382592460775,-0.16369071452916822,7,4,19
EXT3,37,-0.2286047064915325,-0.27628894682248556,0.20393507270218753,-0.09583119102382137,0.12856949808739543,0.5627420357920827,0.03738115251691839,0.23686238348671898,-0.09706784267597653,0.22932955303831754,-0.17427968175603223,-0.11374246941038282,-0.2551544249928319,0.1664085656481016,-0.10629017720887816,-0.23187213004353976,0.014806348515388574,0.028899449452625608,0.1614399564419616,-0.08150746372422105,6,5,9
EXT3,38,-0.1692728800964922,-0.006414915150187288,0.041529287720741735,0.10508245504922209,-0.014427733763053301,0.2313536642086181,0.2546494779700971,-0.0500220305549526,0.12802966318880307,0.03090828014465386,0.012835063271109242,-0.055133134093509784,-0.19246201550473419,-0.11745098225114124,0.11587407545373836,-0.16442330893276041,0.14523143064746744,0.11160966887770335,-0.06394706293967106,0.057413477359416334,2,5,3
EXT3,39,-0.0707835212762773,0.011962430768236054,-0.19967313143522508,0.037038450836559746,0.028616785969689595,-0.05123960942834009,0.4808282923326234,0.01567160782830613,0.04799227512974485,-0.17285809856524587,-0.051690865765984265,0.1449272767410603,-0.03881464206257371,0.14869030172654182,0.02142545298912349,0.3408345241411716,0.021795072670331882,-0.08205591977836721,0.11056219153849811,0.1267773214793752,3,1,12
EXT4,0,0.3092368860758789,0.046996585759228715,0.14682731464791882,0.06053922767963218,0.48078070439063086,0.30078254184228725,-0.2160670410093055,0.05664506225163256,-0.06268410099541442,0.2509198820909019,0.3361683983188437,0.04437516522474549,-0.07998844793583003,0.3650927105935692,0.019903968661164312,0.07889509576655185,0.07030597299803157,-0.028830439353957567,-0.1307059242265732,-0.5100546279130759,2,0,6
EXT4,1,0.19474083135575126,-0.22496365931566703,0.33983095570728045,-0.07482367423233972,-0.09112056983421968,0.10727064878619869,-0.2434290212335703,0.035589985424359726,0.12860515586855018,-0.18253808907920233,-0.2471776420015106,-0.0013975521355157152,0.04129473992571684,0.2644467539213224,-0.1378650297921822,-0.07240134062408979,0.06644326292794042,0.2930394577291789,0.21189148044180062,-0.10574003993361555,5,4,19
EXT4,2,0.26643162329199616,-0.46683196436437785,-0.19858954282296193,-0.21805372589600427,0.18656916233424217,0.28188951039165405,-0.604890146331079,-0.2136125377525801,0.11881392098983727,-0.09332994793639703,0.2671782460563852,0.018064202571367507,0.1386889364854359,0.6138201484943995,0.5541273407812918,0.02566736969133723,-0.11399547425051429,0.2901459391246134,-0.10033164073651311,0.2885989875448572,7,2,9
EXT4,3,-0.17038306253156243,-0.10741857502918876,-0.207542853290699,0.30401983067966226,-0.21253111354481954,-0.17879733845832385,0.1650180635222543,0.304476692895486,-0.2239943029321904,-0.17997854026421248,-0.4797535341604778,0.26860039925609996,0.03761894527748281,0.3578680339577138,-0.14821232719964875,0.22243567207445042,0.43838363788731743,-0.42018819578665195,-0.08218885973472786,0.2530890165864793,5,2,15
EXT4,4,0.08303821284306216,0.053384323844286145,-0.2855861380360471,0.1320146955254357,-0.32648817754263454,-0.06189516770821877,0.06538210989845757,-0.4351054558973825,0.12655364660601945,-0.24598384503425458,0.14538913006659454,-0.16800732470482713,0.03668935532104419,-0.03324771051473286,-0.10690106531121213,0.5932781747710256,0.08418984193444225,-0.08663384593951673,0.02060138585760456,0.055285268059762915,1,0,0
EXT4,5,0.33186650290147246,0.2534594850006557,0.12268944042422607,0.13092346362276402,0.2029628708937337,-0.024333736728720384,-0.47904626845636067,0.0036441774400005128,-0.13168780189402338,0.2559679063932347,-0.43703100439482573,-0.14760723560673125,-0.11449823620049702,0.041139226637569554,0.33129361447283634,-0.15381563983627153,0.7811070507988171,-0.06525371205651857,-0.3037604496813652,0.1726614208934485,0,2,9
EXT4,6,-0.12057512771087883,-0.03441696505142437,-0.024219656101238697,0.18594238844095592,-0.21584446119667577,-0.12263814947190312,0.07527491427242684,0.03480417776382738,0.08592715925445095,0.2858229030999936,0.20450829501957907,-0.002184208918772934,0.251116306389355,-0.2945644359259457,-0.13239916504530372,-0.25264609118318015,0.7666727756630728,0.0904390201931306,0.3349116868118461,-0.0637493350023805,4,6,6
EXT4,7,0.19923673531350541,0.38325403439858224,0.16638855047550136,0.03468547794608586,0.06218049512138244,0.10473620240142388,-0.5957448987772875,-0.2617966445231148,0.5106559845709843,0.02516925073360266,0.030261523949524985,-0.2675729011847033,0.3425289427830073,0.5762922902555639,0.4435552286717538,-0.7501691585914848,0.6795893883495826,-0.12181513313016464,-0.1538664203232691,-0.39583571816425284,6,1,14
EXT4,8,0.5631843045454848,0.2019238764045227,0.020299665755397316,-0.3632350262477598,-0.05400610577292132,0.0902216856950171,-0.32556989832136396,-0.3047215326963029,-0.36307602912042214,0.2897426095066118,0.24004540942757197,0.42571278875663043,-0.27807054002887527,-0.10399301224785398,0.025708611575663128,-0.15401623957583704,0.30435201025470954,-0.17807023123616278,-0.25459766689481284,0.18794324345962102,4,1,17
EXT4,9,-0.4466731005961299,0.07252688328238478,-0.04141477630299876,-0.10572221892414667,0.10024638522599155,0.04441902389348489,0.4614406801400315,0.247725828412982,-0.0515042169652614,-0.10390025057355563,-0.08421423379655978,-0.039890596046849955,0.17368544103131986,-0.16644338887177837,-0.2428485596440228,-0.11548039203394724,0.22542322585572153,-0.042021700520620785,0.10932342468445731,0.09505137605992524,4,3,10
EXT4,10,-0.11733311691052711,-0.11023795119405803,-0.277455161364945,0.20737772633155113,0.3651031398714241,0.3616604513712096,0.13829558018826468,-0.026420562747042332,0.05497961921350957,-0.47425530261685994,-0.27065053055189553,-0.15756420165845142,0.15292232194889702,-0.31759352640836885,0.02132416609109408,0.049181532205788504,-0.39277451878867253,0.019909265819520468,-0.48493631674685445,0.04011115153622087,5,7,19
EXT4,11,-0.06537767310075872,0.13678130601143548,0.19335737116943988,-0.1814751357406307,0.2077359087489887,-0.12995111684341115,0.39596422383510554,-0.5528969547261001,-0.07819154222299882,0.3292828849701546,0.15601770426494527,-0.09083797428262344,0.2892501490237993,-0.33224008390842286,-0.09758159834751072,0.46653491336033426,0.160223883836926,-0.11038881576324812,0.4504808285862303,-0.05641455815953014,6,5,18
EXT4,12,0.3317115208377719,-0.19908625928035112,-0.04368085900560688,-0.07191981135061673,-0.09907394555650621,-0.12501976251901106,0.03470781654821069,-0.1923872290457945,0.09919701219878099,-0.3412125856998328,-0.41206876894093586,-0.040919873679691465,0.06882611895982756,-0.041143118583190384,-0.26180939917118645,-0.17730772984042772,0.009799854032203164,-0.20897831486842827,-0.21088350638778636,0.4251140331496508,0,4,3
EXT4,13,-0.3510926987092991,-0.07486987841210001,0.0731260354048428,-0.0044620770713616345,0.36561427473138836,0.021696260342205193,0.0392084911190657,0.3893784246212806,-0.2364871144517041,0.2909671248986311,0.28671531435886016,0.46816567509149515,-0.17220087054848027,0.462560132491891,-0.01877076599657582,0.193828129589352,0.3101086746007684,0.2784115152821928,0.554971647354806,-0.10259994535223671,5,7,6
EXT4,14,0.13769604386089268,-0.0427403865327937,-0.5396895660976021,0.1109776488295041,-0.5466944256616219,-0.12832992974717522,0.38668647301921466,-0.28250043880340076,-0.29426664080233633,-0.11906726169399702,-0.017939859690586445,0.35934123395457107,0.07794558394077059,0.07411884800343051,-0.06276061435988817,-0.061650653921245656,0.6894982117454075,-0.11582088110509237,0.47867567625963153,0.5864418620993467,2,3,1
EXT4,15,0.25905778543241753,0.10317376003240683,0.06016022690711281,0.0843067882531861,0.15903994916921438,-0.12664145826781203,0.10768616358032289,0.032803686739814264,-0.2105723181491077,0.46881202661267946,0.4155902825491093,0.04286305145340562,-0.3370864364789899,-0.03546049051531624,0.2197770946458081,-0.09694311036295106,0.07363861411654321,-0.008895723051815988,0.7770057457471501,0.12314607777567864,0,1,15
EXT4,16,0.029799101542053244,-0.053613221057454925,-0.07797716174101421,-0.46186509393471586,0.08765944180137547,-0.31509580281940364,0.07828845214363515,0.10078077717088374,-0.11014763225571697,0.18903730961161816,0.037827560871907064,-0.1742884649283146,0.04953066672549328,0.1093128361124141,-0.21616300468883434,-0.5302112073549899,0.5879940602943411,-0.21903669356379998,-0.14306105839693106,0.30983762410272275,3,1,1
EXT4,17,-0.020334709158618684,0.19133074839488173,-0.2256674746249901,-0.05011953805321014,-0.09832099461058026,-0.0035876576740896705,-0.1073189703307679,0.6218948812082316,0.15120103546893388,-0.32041856051313156,-0.24818429933061892,0.46553622265138783,-0.043278416912636265,0.3787537913634558,-0.04058634627981172,0.3781244764611986,-0.12496673932214575,-0.13887180585789685,0.4318915455464691,-0.23845396216105597,1,7,4
EXT4,18,0.03183057304084889,-0.08762214386579761,-0.20851459227307012,-0.40328104469238624,0.1947676829614727,-0.23120174500206866,-0.2500432024636884,0.012375908994758645,0.10948569684077811,-0.09803322665383557,0.0882009274266608,0.005343253000335061,0.24105554178071129,0.24700752588294125,-0.3363547215060117,-0.16430514499503088,0.3518769324625392,-0.3712662420063066,0.3786577519173363,0.2306554676478578,3,7,7
EXT4,19,-0.3254426203400792,0.13183168490262134,0.010906373006853662,-0.4110009835450867,0.46764566025328796,-0.23837085511029504,-0.15444504203419954,-0.2026857479899659,0.004690962498747925,0.5767127124426704,0.4072159948467302,-0.3589792516449061,-0.24533490871628877,-0.08749280139434025,0.027136299191579543,0.0552563246776143,0.35625364455836805,0.3564455277559369,-0.1077149337623102,0.14030967415556758,1,2,15
EXT4,20,0.28864164188528146,0.32299660558400023,0.15579511245600688,-0.11413756111348056,0.025065773345055463,-0.08453573409737601,0.09786239699011716,0.10017776992447866,-0.13180253843332038,0.24446509543690734,0.34971001343751434,0.5199465397072569,0.24662511398380785,0.4467640658586297,0.35808205094575635,0.08145492858008706,0.8169650816421473,-0.13799129609583308,-0.13286014243559874,0.10802197773672238,2,3,7
EXT4,21,-0.22775526555580364,-0.0681480050079457,-0.07176575203202279,0.09601291674720797,0.14721598712293005,0.2684056949651233,-0.07973202431388342,-0.10269921355596848,0.22442168243043634,-0.10961368331726719,-0.34048575930039804,-0.19099581297920942,0.25888853455007127,-0.27784646717546985,-0.5530289532253718,-0.03529506281802964,0.13295013135572292,0.06492545035851838,0.31771321425583054,0.19956730968584138,5,0,14
EXT4,22,0.0490626318612457,-0.26193842265846357,0.05270787670900587,-0.4975587222101505,0.581885510151661,-0.3899379956006964,-0.30473300246485924,-0.007629781040126777,0.38097882544605394,0.12695432645867358,0.4307701313149852,0.024941208040172403,-0.10846377716976344,0.35604064222702525,-0.002974154858489311,0.011286711891989865,0.13687839459381554,-0.004425062996705101,0.06756626500055271,-0.4051943732508085,0,4,17
EXT4,23,-0.039895892197572086,-0.20891938319247297,0.22159071730366273,0.4010080264596535,-0.25149276696252343,0.04376765921445195,0.0724173983853765,-0.2169567801060331,-0.26423530094408504,-0.35171255182520383,-0.3823828276175981,-0.021018374250685222,-0.32092498690202503,0.3395691371747414,-0.21114308754574057,-0.1625958740094149,-0.025981398293223,0.03386440138679731,-0.4021779915767316,0.4395142596768581,1,7,3
EXT4,24,-0.03980915568651756,0.006665408758959376,-0.10286909021057843,0.2685703326392185,-0.031492050169131064,-0.0906197898385262,-0.06227046479314296,-0.05895695654723101,-0.2059559856623661,0.004542183427295059,0.011405962171783376,0.18743556684650503,-0.273931209448482,0.06270680891210692,0.3718608185192997,0.22565029023231004,0.7146890928246147,0.20103432854522976,-0.09633668048425281,0.17519963433008892,1,6,1
EXT4,25,0.25817010647048205,0.27262164839376707,0.30365063103584156,-0.48112421566653935,0.3198208233714495,0.00780148091625117,-0.11425724315733428,-0.7460268446034817,0.12604368898237833,0.3364233469329524,0.335789128034795,-0.08044744873005702,0.37133574359490107,0.3133078620909799,0.027268614610244057,0.01664390384347038,0.7465571568734722,-0.1594787761939649,0.20503706158952262,0.08173272112181244,5,2,5
EXT4,26,0.6211029919844778,0.5366456007039169,-0.009499048726494692,0.21574806288908244,-0.15431238681835754,-0.23598533851702228,-0.28816840789625175,0.20214460554451852,0.3640244941529045,-0.2720875835409724,0.12623237905064105,-0.039084391496224814,0.48172635960307086,0.4720213621507446,-0.1125659191438964,-0.20487256639926435,0.3971744026346129,-0.14288661019506946,0.19728203035640096,-0.2594645914414831,4,0,15
EXT4,27,0.5943458844607764,-0.17918730890606846,0.26184973463065475,-0.2492890037797468,-0.18387802090281388,0.3162040302911167,-0.3820564731475647,0.20085156657951644,-0.21441728734926505,0.11536298633842018,0.0052949464796067285,0.4251882049166785,0.40762339297304184,0.2280362334595857,-0.20183600372919017,-0.29363708251945153,-0.030286632860235505,-0.229760547473916,-0.1452595074812975,0.1272414671382384,7,5,0
EXT4,28,0.23528457286451637,0.38392481304045006,0.29040517821246525,-0.08119232507863976,0.2636006661339415,-0.2886508682771985,0.2865424352536359,-0.44565649634789667,0.13155720610828187,0.14632356339227234,0.13449117104451083,-0.22194378509765056,-0.18159741522155295,0.1402297135599046,0.22600466795103347,0.07908576707227988,0.765589979499605,-0.464291421751064,-0.18899999265038528,0.27069734127354284,4,6,7
EXT4,29,0.5381276095832929,0.013092007916295473,0.23294939674662163,0.1334880098229865,-0.1636198848581118,0.04648019184290616,-0.11649462682437649,0.06988731880005485,0.20801331423429265,-0.4381276869465521,0.29546747094059156,0.3778548275506651,0.21763842439982783,0.08936403581804238,0.17190589331176306,-0.28119259942077274,0.3662203397587595,-0.2584845823640109,-0.07618001237353544,-0.27547808237167554,6,7,7
EXT4,30,0.2027931927315568,-0.07017638276801803,0.13012120931093607,-0.39690795994850425,-0.01866495393093313,0.106301138450757,0.12572746833386275,0.48237361824197983,0.16890170788636835,0.106015955677188,0.15279551113325143,-0.4979804626720197,-0.10901228499564762,-0.3830153254510733,0.0009640799021689635,-0.05182942125835257,0.1915725582956018,-0.17241438997480493,0.46305399317422896,0.06122542659861533,7,0,6
EXT4,31,-0.4037789265720472,0.16224939101919564,-0.09459709471408395,-0.17413558751583974,0.27938714104348567,0.12382073990866205,-0.434614611621309,-0.27283999658022473,-0.37808640562953144,-0.12858560720047568,-0.5857573932510076,0.08140131256133032,0.21119090931077925,0.2689750666439675,-0.03424578687067413,0.24996814680097787,0.07597778927822242,0.4445211724940301,-0.13480139872711205,-0.16536561215262782,4,2,9
EXT4,32,0.26800421335907854,-0.06861604339190802,0.012079068168223305,-0.07002470502598399,0.12364683224219039,0.04286405760163477,-0.2347132454555262,0.13376757434560724,-0.05349153499461377,-0.06452279615658012,0.171222935794457,0.20053823444924251,0.4555136987649708,0.5496281126244178,0.44998004539894454,0.2325540088622773,0.30494532450889533,0.31769904506608015,-0.30210812430221434,-0.7603987597574181,3,1,19
EXT4,33,-0.03241537272745441,0.07580988036483839,0.13508411471311435,0.04311647502531482,0.20268981806290468,0.20035041056389918,0.04831451912760283,-0.17370839579678152,0.17276353511687276,-0.1085257774906799,-0.23542276327267989,-0.5809068068693808,0.14697025477675973,-0.4260858918154821,-0.017584797416704802,-0.42958373709671344,0.4748228964785065,0.25601154626029093,-0.17054201549102452,0.6589248722564802,2,1,7
EXT4,34,-0.09423986890696166,-0.11130872530096159,-0.05486748431257632,0.14878316850859202,0.1872209308249108,0.14305981044092975,-0.15686467876591706,0.08824904098887024,0.28349551594546285,-0.03187331722780347,0.353696279380406,-0.2714575186378958,0.07199260595091736,-0.10423145361376532,-0.1895495664277728,-0.010047529881584479,0.44428088259005916,0.2315943244545009,0.10564678887716084,0.10078720573338314,2,7,1
EXT4,35,-0.19437063905470162,-0.10440510446013392,-0.03851928099936104,0.2568775684113069,0.2580270757600256,0.21526673621747866,0.512203739663337,0.22093083132006167,0.32524630854219505,-0.07757285600009309,-0.38494074103906323,-0.10004572629115771,-0.04166043466637748,0.19824326145423052,-0.23459884392563382,0.14117979577144907,0.403994463431013,0.1407953247135042,0.21227732510112626,-0.10759087973819434,3,0,18
EXT4,36,-0.008232594283876972,0.026755494402691527,-0.185496187716478,-0.05134080660076263,-0.32065634195962434,-0.08248549285501862,-0.3330875182583671,0.03341821903782225,0.0008419885188093127,0.3624406846698392,0.2642168235271563,0.29750093992938403,0.1393419667489431,-0.23211518875860299,0.2095592945998712,-0.09105099159852596,0.036652122743244676,-0.20946306499633402,0.2562548256151512,0.06994548598979984,5,1,17
EXT4,37,-0.029976049332785408,-0.4036853700894406,-0.14701063368902553,-0.11562698628528707,-0.2374297677390319,0.004157629628338062,-0.1688117568315477,-0.30980032617097447,-0.31052069218418843,-0.06550687766190957,-0.03220979817544589,0.034731614573988434,0.11659404274317178,0.6095550844172507,0.4320068232213071,0.6895075787911211,-0.3041227703933218,-0.0040376515878780125,0.5666410562366572,-0.690770537876629,3,0,4
EXT4,38,0.49925628586049725,0.05527830393024678,-0.08752574875983468,-0.03821956285048455,0.01965330903575354,-0.3083850644468018,0.05170771969359699,0.24660450909854276,0.221021893976809,0.3655651471629028,0.41732635000195706,-0.0708693275366575,0.2258389472296049,0.431979553441623,0.20514921581939302,0.2349350193203315,0.09788517330231282,0.09663075143956261,0.3572130099474256,0.13127420038609844,6,3,9
EXT4,39,0.019528723823434065,-0.19014727231026143,-0.1113976540609591,-0.3320319359884989,-0.24650035754557834,0.04713171207458838,0.21037056128365084,-0.13544287817597986,-0.054450418583607496,-0.04422664316725889,-0.10732120329026831,-0.30593979475829525,0.006677447748750007,0.5541169667581571,0.07861772090486058,-0.001246965761076618,0.047895360712891424,0.09198520745604839,-0.37596573377806464,-0.06028271699402249,0,4,16
EXT5,0,0.18634469910223048,-0.03774238828075874,0.04692921088261022,-0.06363376786171182,-0.027899327245740076,0.33254210175714644,0.08416405868981434,-0.18528414911116023,0.013759043984224563,0.25225098007974395,-0.20124023886751638,0.051145957365037624,-0.4008027914649645,-0.02242134749992419,0.018316613612696334,-0.38766201268374534,-0.3874523961468711,-0.6356849975997535,-0.48997041547570197,0.3322549723325011,1,6,17
EXT5,1,0.08795142776597452,-0.10528412626393133,0.5245033067411444,-0.10082365512140361,0.0042990224481112005,-0.028631810193818025,0.08965896017873445,-0.18384509797301607,0.06511040111249247,0.0181257390977403,-0.0757600193422229,-0.576703101186402,0.08442248938322577,0.1953549850693483,0.4194745489105331,-0.5874351718028098,0.45562397989566167,-0.3335894775738357,0.38571872310690897,-0.05329366812518624,1,7,17
EXT5,2,-0.008194179016775984,-0.3507001856294697,-0.057602501183039695,0.13640589628179217,0.09342562445690518,-0.09679725816027493,-0.03351455619944869,-0.11415575349487722,-0.12287258830229936,-0.022809444582063538,-0.10761479692816761,-0.23184069724965053,0.01776042752983336,-0.14626720246735034,0.175679818805424,0.1288359039308203,0.06774098254202357,-0.2650033823852225,-0.5889359057239745,-0.6171807121501585,2,5,16
EXT5,3,0.4080464572748371,-0.1173797104539126,-0.13670407241634952,0.3094776835512951,0.08397380949861818,0.07899526949847491,0.14250204482300632,0.11844450710518845,0.06338281551847053,0.13582052921863416,-0.08987449583938402,0.2755257362550268,-0.1603610905700864,-0.0717982057512013,0.06097159049305472,0.2623838611202685,-0.13705973506242122,0.11725144334184552,-0.049738226739926145,-0.42519890270507327,6,1,17
EXT5,4,-0.31534198953900067,0.05824784026352766,0.30669950906991217,-0.03697427421198636,0.1648921824092223,0.33159882181488803,-0.06943347673219125,0.2452338419989454,-0.37953042522611613,0.38212542970933466,0.2720072176564087,0.03413390476944995,-0.039239229214051784,-0.33813703470273937,0.31068241216435677,0.22228224541833821,-0.19618090043901468,-0.30476570191355634,-0.5008233702947307,0.37765396821754554,3,7,16
EXT5,5,0.002357372197760366,-0.056129683469369245,0.502769527636002,0.28072251898047745,-0.06044811491926348,-0.08538994487566896,-0.028738815133257132,0.02816815220660494,0.06763042396249477,-0.22332078602164238,0.21551715695922075,0.12171182434508944,-0.2871336970898011,0.45517817165870056,0.44861126425312886,0.1748692080542248,0.30787032986426965,0.32586826964741683,-0.0011507321919346104,-0.3432812185345684,6,0,13
EXT5,6,-0.4316543022424269,0.12596724863699726,-0.04284220563297951,0.08804681151576882,0.09646997672060675,-0.15673994680703596,0.2744135188746633,0.22560430540069867,-0.1735161235894675,-0.07920213394294989,-0.13513063439602735,0.20279502786084216,0.03962875840239969,-0.465322879504999,0.11031491733225174,0.503334381926921,0.2566652170777768,-0.2506944834939463,-0.6973708599921107,-0.18251381749008844,7,5,16
EXT5,7,-0.14244672090854263,-0.2505088612188919,0.04269777057734212,-0.19439487858197926,0.18813353884935363,0.2660335535801568,-0.2374331627063144,-0.1491124277060989,0.09882875000380537,-0.26151421236207617,0.13741849767938405,0.31184607526845587,-0.21002516999615856,-0.2686114132661992,0.2907556874617511,0.516252149208574,0.4955314072406624,0.23841862745254075,0.2734707454841521,-0.0801391970369338,3,1,17
EXT5,8,-0.0693995268288163,0.06429161576821785,0.28597625299010687,-0.2522022482026309,0.18895437330678297,0.05109781123179547,-0.08412301336306999,0.11480262126166879,0.08464395660187707,0.14077609139350722,0.027878695916762692,0.08954031857555315,0.3360500507678476,-0.18910837085380724,0.048508898139050086,-0.4070429292914469,0.10301230111635747,0.11634429548379079,0.597104208319786,0.639187503996581,6,0,18
EXT5,9,-0.019362653487204905,0.10253121148463087,0.17133221641423285,-0.09746063116979527,-0.03865603754023338,-0.2994234392258212,0.12684743223720749,-0.10550382738696776,-0.1985313470622996,0.16022912056007893,0.028841826635667835,-0.037620048328737686,-0.4376185766850986,-0.04084029444569131,0.22238156262036118,0.1592377884028026,0.10495904992291852,-0.42206120874773057,-0.5601155089626625,0.5162571862262895,2,0,18
EXT5,10,0.09632178455058918,-0.4624412103390444,-0.2331904278659449,-0.3279694611299148,0.3475245570097498,0.07080339943458311,-0.09106804777289808,0.4422899092830694,-0.44465006149874525,-0.1143941259198291,-0.2160205684862291,0.3261583292523163,0.10547104730442058,-0.43595625106866653,-0.599249702509537,-0.03501241230664476,0.17858115689893886,0.05576302436781304,-0.30913425831795,-0.6609747837317107,2,6,5
EXT5,11,0.17121901996652186,-0.3764183136549699,0.23611961944123785,-0.023803205332608386,-0.3199854134288689,0.3484937736923505,-0.15038960915574115,-0.03616859745551983,0.04985718577425377,-0.06971447830604943,0.04527634770185056,0.28864374153234856,-0.3859516623218825,0.1944492945169063,-0.016578919317773524,0.1834439383488961,-0.09414745295529311,-0.22506152097317594,-0.653898412534111,-0.11731495321712776,5,2,12
EXT5,12,-0.06518362823760608,-0.12228926688819805,-0.021526863318713032,-0.4036233806414147,-0.014339977755509754,-0.03225184067625922,0.1763943261135949,0.20957050988073014,-0.16108449114830586,-0.17858492637845785,0.002569469517205085,-0.022563622132730724,0.2622404359697527,-0.2422863561879858,0.11498426582780491,-0.14258887866130404,0.344046024141337,0.15929651634114636,0.53681168987229,0.5238928399269016,7,0,18
EXT5,13,0.1816706134789086,-0.06660575359950352,0.009281780799410163,0.21944401082549392,0.19100805298880352,0.10574110315871028,-0.03209561456366983,0.28009910500139507,-0.002993541165870798,-0.13328897332435147,0.0447168991764237,0.2026731369677446,-0.24511665399793986,-0.09249421938356875,-0.3192686657534197,-0.17830902494753728,0.675794433547921,0.38574478300249754,-0.23948856936382693,-0.38246483998786757,3,4,14
EXT5,14,-0.06351673444106477,-0.2615202556294756,-0.00437765384521544,-0.19194423967532334,0.02672470284162938,-0.10968848271513383,-0.2072041037878285,0.09902928520715785,-0.23490830726682196,0.07085399446073429,0.13659461512117319,0.38862224118417094,-0.027230661191610047,0.16875972292308794,0.27279641042669456,0.6206507920326586,0.11704882499228096,-0.14623511463251007,0.007240529485341394,0.36073016596750407,1,4,17
EXT5,15,0.08642657607785315,0.18713655284058583,-0.08482981693391821,-0.19353173230032017,0.3612811827015067,-0.10489319054474287,-0.0824850540604758,0.02796071411785012,-0.4519848575362826,-0.16025753105893129,-0.09607306511073328,0.31168942799739446,-0.5250430509565525,-0.33961929619449455,0.32167311294163053,0.434115229518734,-0.1646831424624494,-0.18997763255056732,-0.6108618468536167,-0.313416185881504,7,2,17
EXT5,16,-0.22647376657489207,-0.24822381198390736,0.10646823098560317,0.06394559839092556,0.2483057310643737,0.0018516682622201428,-0.05436921326274907,0.18327459839718202,-0.1594697643906713,-0.022308414343216034,0.2433332463453657,-0.16942255715547622,-0.07933461691439442,0.033479755277457064,-0.01796336847567385,0.1657269279188773,0.06681845377387823,0.0679314995810413,-0.33064386499428217,-0.04398123397258356,5,7,16
EXT5,17,0.061431749635444156,-0.01093858112057431,0.07210784504397942,-0.10408066209938095,0.17969188341836673,0.27269270284855657,0.19227462499232326,-0.10034973639265812,-0.023960671595400072,0.07316800805120642,-0.04307681226800016,-0.2223044181489408,0.23946782407411954,-0.2695967100687417,-0.1129665064271982,-0.645370556923635,0.04095827960429305,-0.09736720979678425,-0.20661555704930737,0.5383786047106492,2,5,7
EXT5,18,0.046176137022639244,0.04086593007803019,-0.19227140838794166,0.1161858057819759,-0.22138304494460087,-0.04320661378685775,0.16567415213384185,-0.05604182392433631,0.09513674691413208,-0.1518985637556719,-0.04077763916327545,0.41088402761032383,-0.2750888925854873,0.07073150730015093,0.3587760329094048,0.27642020915501186,0.34448436384587905,0.21691101792847114,0.1322926584592816,-0.15553427462794447,4,6,13
EXT5,19,0.11608511197531896,0.20381559263366503,0.05932693228880961,0.027059218659368042,0.29971219378760156,0.2576603171596354,0.04022792606829805,-0.06320867614742438,0.3530283861549693,0.1840578748018384,-0.18502210557278734,0.0807345951861241,-0.058574270543878586,-0.4211755539168434,-0.02832938246975206,-0.39002006270189654,-0.1867320063036623,-0.15160725610782705,-0.11335182236475873,0.307262180207606,7,5,7
EXT5,20,0.08750338891596988,0.2778467919846838,0.4814793245462942,-0.012486871250071988,-0.036735880607760694,-0.03194781633472297,0.027467922417064826,0.35295824975675394,-0.29216526491981737,0.10565174417074547,0.05566157055006249,-0.2998495661485114,-0.0014195523151467357,0.25860107867470244,-0.04962700482228275,-0.1852288557396793,-0.016469488009605935,-0.06949672904175516,0.23278916617311338,0.11358719011400811,7,2,18
EXT5,21,0.17007299935426443,-0.03149223903714396,0.27987750164977643,-0.06310199860865802,-0.025910519425825316,-0.11785676632877702,0.01518144354227305,-0.3652861234570848,0.2863061229729676,-0.04876929133430735,0.003470991284654711,0.12816050644393998,-0.11423431365696857,0.011407191046103661,0.028940190858335196,0.25510379190872007,0.18791789046442817,-0.10319548844236315,0.08205775044035626,-0.2275954878238625,1,2,12
EXT5,22,0.10693053766148887,0.23510773269534493,0.0806691235745304,-0.08232411937927428,0.141082924566266,-0.2001983045890707,-0.018467132939492918,-0.04301732214300747,-0.07072707746946232,-0.16022449314369674,0.05787471912008711,0.22490139150833585,-0.09474435644692458,-0.07321548805177214,-0.07502112958100446,0.3076168033766739,0.19770071633456837,0.2511587111055544,-0.7075343419125363,-0.504444648972754,0,3,9
EXT5,23,0.02571711025192675,0.23192050570379016,-0.0023061731432830156,-0.06952762312957733,-0.000807335892860158,-0.11268075018242775,0.11409820085657785,-0.4435821377709513,0.039344803636160476,0.05813158638602342,0.012791324290411474,-0.23630364846550217,0.3933306356240671,-0.14211578534547661,-0.20143056304843834,-0.392608120982449,0.41698193921290794,0.15922117908665281,0.4098440541904655,0.16372453160184938,7,5,16
EXT5,24,-0.12502058475336145,-0.16744956386543333,0.5405171831305459,0.2410442377816241,-0.08989085451651241,-0.01210996882040761,0.3017904954419614,0.12093233368345671,0.27095865010373166,-0.17973594465437728,0.2604435954463047,-0.02281076081039816,-0.22920907849528996,-0.08283423194707702,0.07480731391531656,-0.12725536926156414,0.017663250649551397,-0.4185827426357309,0.19792982651170485,0.14122256009789597,6,1,17
EXT5,25,-0.36732383334666363,-0.009834068486964805,-0.0379089535429048,0.018080752337505966,0.03282970615171892,0.22563793503153193,-0.12328131845471071,0.23708030739100308,-0.4031457294776479,0.04493836409925626,0.1361412734932709,0.4834080715899837,0.17366267975264252,-0.09216444537040935,-0.09917798275216518,0.42771332215527774,-0.185176969256019,-0.25608630680474664,-0.5582412942873141,-0.42808314617543236,5,3,9
EXT5,26,0.06282108494695055,-0.017028315248713177,-0.17602996679642963,0.20922655770030868,-0.13322385686549681,0.141771577812308,-0.1801318374111207,0.16827863246660318,-0.6044571068021459,-0.050186120918108,-0.36546156152967074,0.40957990617576506,0.016811943415673773,-0.15004686346722157,0.27654845947488754,0.5046394977487738,-0.33779452809764104,-0.046052717233729966,-0.41762405900474986,-0.1381032652283561,6,3,13
EXT5,27,-0.0436859343460298,0.24102905075110276,0.3895890510725315,0.23584292275708033,-0.12928436430118617,0.10803311230391671,-0.06231980449858857,-0.15954466023967945,0.08970021877562696,-0.09275845170287622,0.31541246259943656,-0.12290439997169379,0.015381185639913366,0.06048091431684515,0.3152256058440263,0.18413103234197176,0.24634895400651483,0.05523573890881827,-0.3165666355136882,-0.4990450192997589,5,7,11
EXT5,28,-0.14693289762562478,0.03443741290300287,0.0989723335854224,-0.061153317627092,0.3384090282702639,0.13859373351806004,-0.22504311071080102,0.4738248656294629,-0.20637566272466842,-0.25755475910761305,0.2876176301953215,0.7432186795671044,-0.09546406585467183,-0.12802844765486224,-0.29415517411486564,0.24780923920678805,-0.4029971672086341,-0.09843976232636065,-0.4015729927271308,-0.6148511356256421,5,4,14
EXT5,29,0.20536294324183463,-0.2672452829501741,-0.09588877935257566,-0.029080271827373935,0.2277154017926406,-0.15175896309327525,0.062056199011046524,-0.17315034632051282,0.048017217905792595,0.39061699601639266,0.38711612138347323,-0.2769562723290245,0.09366236677777569,-0.052289593857752455,0.08519509013246016,-0.6994485291154674,-0.021453739839341145,0.49243145281376344,0.4149105800514892,-0.5519633109702391,3,6,16
EXT5,30,0.005076541738846981,-0.0024152329205951897,-0.04608300568178404,-0.10077812108524227,0.0711378583862143,-0.2247060897890772,0.0880433177144814,0.036395253327612814,-0.09189531191640549,-0.2005512937274762,0.0254336947228079,-0.39449572809874633,-0.21968273187635864,-0.2165358996299945,0.06485927040781643,-0.3343230339332332,0.42049826187959116,-0.2764735462659598,0.30483018530950656,0.05833266314685308,7,5,16
EXT5,31,-0.287085554648868,0.11185756562143302,0.3690305714685121,-0.2525980070310719,0.022844612697787803,-0.04010550120252359,-0.16638050698524265,0.17121690607943355,-0.053210147933408336,0.19237117035437398,0.13026659037154675,0.15107164857570304,-0.039285102211654564,0.017578821077717126,0.04369706354629254,-0.17461323708333915,0.018009103718578,-0.024094630900638382,-0.003209904321293819,-0.05638563382066012,3,6,15
EXT5,32,0.022352692954930368,0.34084037793399147,0.39123988645261876,0.2370103942319809,0.1210436280064136,-0.06791132621410857,-0.007991700921886322,-0.3920010671154115,0.003960374135256189,-0.16314591554999108,0.06868018405910983,-0.4965030965080869,0.12403190171571853,-0.05437506177422252,0.4268601589612162,-0.4205558575939036,0.058032948207681546,-0.20916230063444416,-0.20750496912708777,0.3045641512752093,0,3,15
EXT5,33,-0.010474042043303778,-0.05529792097674765,0.18788510489618537,-0.2859312886545343,0.31642768987065617,-0.19404388562469035,-0.22816114811318913,-0.019078125777373924,0.06950477656302166,-0.04669304303775962,-0.1270310032931407,-0.17994116645447075,0.15314238395704158,-0.1611033833583597,0.4587885459217623,-0.06916208389868607,0.3218403952118968,-0.37926974302696964,0.0019502976912065394,0.0347779897140194,4,0,14
EXT5,34,0.08645721886470864,-0.11541587333949213,-0.14821282456053678,-0.20441160881371884,0.3359400324610279,-0.06705451543916334,-0.28262645696596966,-0.09524983886479885,0.071015296384336,0.47933757346807354,-0.02052149881354558,-0.2903407979200722,-0.046641044492918546,-0.08875121822121589,0.5892340789816801,-0.21341563233554772,-0.13317574247316114,0.1303785116736383,-0.3926396413552004,0.05546694048851796,6,4,14
EXT5,35,0.10775439837780461,-0.06974436398992073,-0.17747323853728317,0.45287611743408757,-0.036460276328102136,0.375060649493669,-0.08623966921193289,-0.18457977966401728,0.3689440959795468,-0.08707826779735629,-0.128417216366705,0.3151140812331041,-0.1806993954264708,-0.18023424983696637,0.16016859593870578,-0.5187439577708363,-0.3276347513950492,0.025465457682732034,0.08932574536041732,0.4452076984173013,1,0,17
EXT5,36,-0.24803750859608184,-0.061373602385304184,0.11603755662463315,0.21691101902623264,0.11081034627870219,-0.21586798298350224,-0.34129141603119756,0.0341373774711399,-0.1884815375871106,0.11287445669223184,0.18052908125252445,0.006415789397014993,0.09336403079105768,-0.06777114272234033,0.03562887789988056,0.40334808833094354,-0.12243245913532567,-0.07095882109308352,-0.40501370510422074,-0.6895118921369888,3,4,15
EXT5,37,-0.013694235414445996,0.06242414444392525,-0.45811683863995245,0.005883940293443079,-0.23097252515510738,0.5756821704805527,-0.22096017672966287,0.31368794096549035,0.15918336364938138,0.31049322219126013,-0.09836525774818065,0.45093823776374925,-0.2201490276844689,-0.23583394343076583,-0.18546624327294076,0.28127711134345196,-0.2659614131933985,0.3983571217774249,0.1303425812173971,-0.11148932335371609,6,7,13
EXT5,38,-0.049415184655731775,0.12002289886117719,0.09564629318900078,-0.1545711294830643,0.06575294383631419,0.13632691191279728,0.03220190576695133,0.4068736858204474,-0.030612520106204445,0.011601077652014529,-0.09440881293107202,0.34984406955648156,0.008496323046924761,-0.06364511498995876,-0.045595807365770145,0.40018669279318425,-0.24916513789220773,0.12175361605260498,-0.7190047778406644,-0.3994436526384628,4,5,7
EXT5,39,0.11288733659455655,-0.36445865150052714,0.39613336504087465,0.03755749879468361,-0.1220167466658217,0.3634975145744137,0.09759550752659364,-0.4595635480130223,0.07609326281796099,-0.13590043313972577,-0.11739357019942111,0.23302240330994087,-0.30983962636359136,-0.19914278824421858,0.23899182553613293,0.3077844285231828,0.17302223694101043,-0.2270992813743395,-0.5460053352447107,-0.7005062456920962,5,0,16
